dataset_id,creator,event_date,pub_date,reference,country,state_province,municipality,verbatim_site,decimal_latitude,decimal_longitude,north_bounding_coordinate,south_bounding_coordinate,verbatim_coordinates,minimum_elevation_in_meters,max_elevation_in_meters,verbatim_elevation,organism_quantity_plants,identification_qualifier_plants,scientific_name_plants,class_plants,family_plants,genus_plants,specific_epithet_plants,infraspecific_epithet_plants,taxon_rank_plants,taxon_remarks_plants,establishment_means_plants,habit_plants,self_incompatability_plants,organism_quantity_animals,identification_qualifier_animals,scientific_name_animals,class_animals,order_animals,family_animals,subfamily_animals,genus_animals,specific_epithet_animals,taxon_rank_animals,taxon_remarks_animals,establishment_means_animals,interaction_type,interaction_type_iri,resource_collected,sampling_protocol,sample_size_value,sampling_size_unit
2,Giselle Muschett,NA,2002,"Aizen et al. 2002. Historia natural y conservacion de los mutualismos planta-animal del bosque templado de Sudamerica austral. Revista Chilena de Historia Natural, 75, 79-97. doi: 10.4067/S0716-078X2002000100008",Chile,Los Lagos,NA,"Chiloe Island, X Region",-41.945,-73.576,-40,-42,40°- 42° S,NA,NA,NA,22,NA,Myrceugenia ovata,Magnoliopsida,Myrtaceae,Myrceugenia,ovata,NA,species,NA,native,NA,NA,15,NA,Bombus dahlbomii,Insecta,Hymenoptera,Apidae,NA,Bombus,dahlbomii,species,NA,NA,pollinated by,http://purl.obolibrary.org/obo/RO_0002456,NA,NA,NA,NA
3,Giselle Muschett,NA,2018,"Aizen et al. 2018. Coordinated species importation policies are needed to reduce serious invasions globally: The case of alien bumblebees in South America. Journal of Applied Ecology, 56, 100–106. doi: 10.1111/1365-2664.13121",Chile,NA,NA,NA,NA,NA,NA,NA,NA,NA,NA,NA,NA,NA,NA,Magnoliopsida,NA,NA,NA,NA,class,NA,NA,NA,NA,NA,NA,Bombus dahlbomii,Insecta,Hymenoptera,Apidae,NA,Bombus,dahlbomii,species,NA,native,pollinated by,http://purl.obolibrary.org/obo/RO_0002456,NA,NA,NA,NA
9,Giselle Muschett,2014-09/2015-03,2016,"Arismendi et al. 2016. Molecular detection of the tracheal mite Locustacarus buchneri in native and non-native bumble bees in Chile. Insectes Sociaux, 63, 629–633. doi: 10.1007/s00040-016-0502-2",Chile,NA,NA,"Southern Chile, RM to Los Rios Region",-38.454,-73,-36,-40,"40ºS - 36ºS, 73ºW",NA,NA,NA,NA,NA,NA,Magnoliopsida,NA,NA,NA,NA,class,NA,NA,NA,NA,NA,NA,Bombus dahlbomii,Insecta,Hymenoptera,Apidae,NA,Bombus,dahlbomii,species,NA,native,has flowers visited by,http://purl.obolibrary.org/obo/RO_0002623,nectar,NA,NA,NA
17,Giselle Muschett,2005-09/2006-03,2012,"Chalcoff et al . 2012. Erosion of a pollination mutualism along an environmental gradient in a south Andean treelet, Embothrium coccineum (Proteaceae). Oikos, 121, 471-480. doi: 10.1111/j.1600-0706.2011.19663.x",Chile,Los Rios,NA,"Estación Biologica, XIV Region",-41.88,-73.66666667,NA,NA,"41º53'S, 73º40'W ",12.1,12.1,12.1,NA,NA,Embothrium coccineum,Magnoliopsida,Proteaceae,Embothrium,coccineum,NA,species,NA,native,NA,NA,NA,NA,Bombus dahlbomii,Insecta,Hymenoptera,Apidae,NA,Bombus,dahlbomii,species,NA,native,pollinated by,http://purl.obolibrary.org/obo/RO_0002456,nectar,NA,NA,NA
22,Giselle Muschett,NA,2015,Diaz Tavie et al 2015. Nuevos antecedentes acerca de la presencia de Bombus dahlbomii Geruin-Menville (Hymenoptera: Apidae) en la isla Grande de Tierra del Fuego. Anales del Instituto de la Patagonia 43:171–174.,Chile,Magallanes,NA,Isla Grande de Tierra del Fuego,-52.042,-69.72,52.494,54.042,"52°29’ 39"" S, 69°26’ 48 "" W - 54° 02' 31"" S, 70° 03' 15"" W ",NA,NA,NA,NA,NA,NA,Magnoliopsida,NA,NA,NA,NA,class,NA,NA,NA,NA,NA,NA,Bombus dahlbomii,Insecta,Hymenoptera,Apidae,NA,Bombus,dahlbomii,species,NA,native,pollinated by,http://purl.obolibrary.org/obo/RO_0002456,NA,NA,NA,NA
23,Giselle Muschett,NA,2001,"Estay et al. 2001b. Evaluación de Bombus dahlbomii (GUER.) como agente polinizador de flores de tomate Lycopersicon esculentum (MILL) bajo condiciones de invernadero . Agricultura Tecnica Chile, 61(2), 113-119. doi: 10.4067/S0365-28072001000200001",Chile,Bio Bio,NA,"Fundo Santa Rosa, VIII Region",-36.53,-71.91666667,NA,NA,"36º 32’ S, 71º 55’ W",NA,NA,NA,1,NA,Solanum lycopersicum,Magnoliopsida,Solanaceae,Solanum,lycopersicum,NA,species,Lycopersicon esculentum,cultivated,NA,NA,1,NA,Bombus dahlbomii,Insecta,Hymenoptera,Apidae,NA,Bombus,dahlbomii,species,NA,native,pollinated by,http://purl.obolibrary.org/obo/RO_0002456,NA,NA,NA,NA
23,Giselle Muschett,NA,2001,"Estay et al. 2001b. Evaluación de Bombus dahlbomii (GUER.) como agente polinizador de flores de tomate Lycopersicon esculentum (MILL) bajo condiciones de invernadero . Agricultura Tecnica Chile, 61(2), 113-119. doi: 10.4067/S0365-28072001000200001",Chile,Metropolitana de Santiago,NA,"INIA, CRI La Platina",-33.57,-70.63333333,NA,NA,"33º 34’ S, 70º 38’ W",NA,NA,NA,NA,NA,Solanum lycopersicum,Magnoliopsida,Solanaceae,Solanum,lycopersicum,NA,species,Lycopersicon esculentum,cultivated,NA,NA,NA,NA,Bombus dahlbomii,Insecta,Hymenoptera,Apidae,NA,Bombus,dahlbomii,species,NA,native,pollinated by,http://purl.obolibrary.org/obo/RO_0002456,NA,NA,NA,NA
25,Giselle Muschett,2017,2017,"FAO (Organizacion de las Naciones Unidas para la Alimentacion y la Agricultura). 2017. Estado del arte del servicio ecosistemico de la polinizacion en Chile-Paraguay Y Peru. Page 118. FAO, Santiago, Chile.",Chile,NA,NA,NA,NA,NA,NA,NA,NA,NA,NA,NA,NA,NA,NA,Magnoliopsida,NA,NA,NA,NA,class,NA,NA,NA,NA,NA,NA,Bombus dahlbomii,Insecta,Hymenoptera,Apidae,NA,Bombus,dahlbomii,species,NA,NA,pollinated by,http://purl.obolibrary.org/obo/RO_0002456,NA,NA,NA,NA
30,Giselle Muschett,2010-12/2011-01,2012,"Gomez et al . 2012. Pollination and breeding system in Adesmia bijuga Phil. (Fabaceae), a critically endangered species in Central Chile. Gayana Botanica, 69(2), 286-295. doi: 10.4067/S0717-66432012000200008",Chile,Maule,NA,"Fundo San Pedro, Maule Region, VII Region",-35.49,-72.37972222,NA,NA,"35°29’31”S, 72°22’47”W",NA,NA,NA,1,NA,Adesmia bijuga,Magnoliopsida,Fabaceae,Adesmia,bijuga,NA,species,NA,native,NA,NA,5,NA,Bombus dahlbomii,Insecta,Hymenoptera,Apidae,NA,Bombus,dahlbomii,species,NA,native,pollinated by,http://purl.obolibrary.org/obo/RO_0002456,NA,NA,NA,NA
45,Giselle Muschett,NA,2015,"Monzon. 2015. Guia de Abejas de la Region del Maule. Abejas native de Chile, 37pp.",Chile,Maule,NA,"Maule, VII Region",NA,NA,NA,NA,NA,NA,NA,NA,NA,NA,NA,Magnoliopsida,NA,NA,NA,NA,class,NA,NA,NA,NA,8,NA,Bombus dahlbomii,Insecta,Hymenoptera,Apidae,NA,Bombus,dahlbomii,species,NA,native,pollinated by,http://purl.obolibrary.org/obo/RO_0002456,NA,NA,NA,NA
46,Giselle Muschett,2004-12/2005-03,2019,"Muñoz & Cavieres. 2019. Sharing of pollinators between the invasive Taraxacum officinale and coflowering native is not related to floral similarity in the high-Andes. Flora, 261, 151491. doi: 10.1016/j.flora.2019.151491",Chile,Metropolitana de Santiago,NA,Valle Nevado ski complex,-33.35,-70.26666667,NA,NA,"33°21′ S, 70°16′ W",2800,2800,2800,NA,NA,Haplopappus anthylloides,Magnoliopsida,Asteraceae,Haplopappus,anthylloides,NA,species,NA,native,herb,NA,NA,NA,Bombus dahlbomii,Insecta,Hymenoptera,Apidae,NA,Bombus,dahlbomii,species,NA,native,pollinated by,http://purl.obolibrary.org/obo/RO_0002456,NA,NA,NA,NA
49,Giselle Muschett,2003/2006,2011,"Murua et al. 2011. Changes in wing length in the pollinator Bombus dahlbomii occurring with the fragmentation of the Maulino forest, Chile. Ciencia e Investigación Agraria, 38(3), 391-396. doi: 10.4067/S0718-16202011000300008",Chile,Maule,NA,"Tregualemu, VII Region",-36.002,-72.772,NA,NA,NA,NA,NA,NA,1,NA,Aristotelia chilensis,Magnoliopsida,Elaeocarpaceae,Aristotelia,chilensis,NA,species,NA,native,NA,NA,1,NA,Bombus dahlbomii,Insecta,Hymenoptera,Apidae,NA,Bombus,dahlbomii,species,NA,native,pollinated by,http://purl.obolibrary.org/obo/RO_0002456,NA,hanging traps,NA,NA
51,Giselle Muschett,1997-11-13/1997-12-25,1997,"Neira et al. 1997. Entomofauna asociada a flores de frambueso (Rubus ideaeus L., CV Meeker) y evaluacion de la actividad polinizadora de Apis mellifera L. bajo la influencia de un atrayente feromonal. Revista Chilena de Entomología 24:37–44.",Chile,Los Rios,NA,La Union,-40.272,-73.093,NA,NA,NA,NA,NA,NA,NA,NA,Rubus idaeus,Magnoliopsida,Rosaceae,Rubus,idaeus,NA,species,NA,NA,NA,NA,NA,NA,Bombus dahlbomii,Insecta,Hymenoptera,Apidae,NA,Bombus,dahlbomii,species,NA,NA,has flowers visited by,http://purl.obolibrary.org/obo/RO_0002623,NA,NA,NA,NA
53,Giselle Muschett,NA,2015,"Polidori & Nieves-Andrei. 2015. Comparative flight morphology in queens of invasive and native Patagonian bumblebees (Hymenoptera: Bombus). Comptes Rendus Biologies, 338(2), 126-133. doi: 10.1016/j.crvi.2014.11.001",Chile,Los Lagos,NA,"Huinay Scientific Field Station, X Region",-42.37,-72.4,NA,NA,"42º22' S, 72º24' W",NA,NA,NA,NA,NA,NA,Magnoliopsida,NA,NA,NA,NA,class,NA,NA,NA,NA,2,NA,Bombus dahlbomii,Insecta,Hymenoptera,Apidae,NA,Bombus,dahlbomii,species,NA,native,has flowers visited by,http://purl.obolibrary.org/obo/RO_0002623,NA,manual collection,NA,NA
54,Giselle Muschett,1998-01/2000-03,2004,"Rebolledo et al. 2004. Actividad de visita de Bombus dahlbomi (Guérin)y Bombus ruderatus (F.) (Hymenoptera:Apidae) sobre Trebol Rosado (Trifolium pratense L.) en la IX Region de la La Araucania, Chile . Agricultura Tecnica Chile, 64, 245-250. doi: 10.4067/S0365-28072004000300004",Chile,Araucania,NA,"Nueva Imperial, IX Region",-38.73,-72.88333333,NA,NA,"38º 44' S,  72º 53' W",59,59,59,27,NA,Trifolium pratense,Magnoliopsida,Fabaceae,Trifolium,pratense,NA,species,NA,cultivated,NA,NA,2,NA,Bombus dahlbomii,Insecta,Hymenoptera,Apidae,NA,Bombus,dahlbomii,species,NA,native,pollinated by,http://purl.obolibrary.org/obo/RO_0002456,nectar,focal observations,30,minute
54,Giselle Muschett,1998-01/2000-03,2004,"Rebolledo et al. 2004. Actividad de visita de Bombus dahlbomi (Guérin)y Bombus ruderatus (F.) (Hymenoptera:Apidae) sobre Trebol Rosado (Trifolium pratense L.) en la IX Region de la La Araucania, Chile . Agricultura Tecnica Chile, 64, 245-250. doi: 10.4067/S0365-28072004000300004",Chile,Araucania,NA,"Fundo Santa Ana, Gorbea",-39.1,-72.617,NA,NA,"39º 406 S,  72º 37' W",94,94,94,NA,NA,Trifolium pratense,Magnoliopsida,Fabaceae,Trifolium,pratense,NA,species,NA,cultivated,NA,NA,NA,NA,Bombus dahlbomii,Insecta,Hymenoptera,Apidae,NA,Bombus,dahlbomii,species,NA,native,pollinated by,http://purl.obolibrary.org/obo/RO_0002456,nectar,focal observations,30,minute
54,Giselle Muschett,1998-01/2000-03,2004,"Rebolledo et al. 2004. Actividad de visita de Bombus dahlbomi (Guérin)y Bombus ruderatus (F.) (Hymenoptera:Apidae) sobre Trebol Rosado (Trifolium pratense L.) en la IX Region de la La Araucania, Chile . Agricultura Tecnica Chile, 64, 245-250. doi: 10.4067/S0365-28072004000300004",Chile,Araucania,NA,"Angol, Lonquimay, Temuco, Carahue-Puerto Saavedra-Ningue y Freire-Villarrica-Colico",NA,NA,NA,NA,NA,NA,NA,NA,NA,NA,Lotus uliginosus,Magnoliopsida,Fabaceae,Lotus,uliginosus,NA,species,NA,native,NA,NA,NA,NA,Bombus dahlbomii,Insecta,Hymenoptera,Apidae,NA,Bombus,dahlbomii,species,NA,native,pollinated by,http://purl.obolibrary.org/obo/RO_0002456,nectar,focal observations,30,minute
54,Giselle Muschett,1998-01/2000-03,2004,"Rebolledo et al. 2004. Actividad de visita de Bombus dahlbomi (Guérin)y Bombus ruderatus (F.) (Hymenoptera:Apidae) sobre Trebol Rosado (Trifolium pratense L.) en la IX Region de la La Araucania, Chile . Agricultura Tecnica Chile, 64, 245-250. doi: 10.4067/S0365-28072004000300004",Chile,Araucania,NA,"Angol, Lonquimay, Temuco, Carahue-Puerto Saavedra-Ningue y Freire-Villarrica-Colico",NA,NA,NA,NA,NA,NA,NA,NA,NA,NA,Vaccinium macrocarpon,Magnoliopsida,Ericaceae,Vaccinium,macrocarpon,NA,species,Vaccinium macrocarpum,NA,NA,NA,NA,NA,Bombus dahlbomii,Insecta,Hymenoptera,Apidae,NA,Bombus,dahlbomii,species,NA,native,pollinated by,http://purl.obolibrary.org/obo/RO_0002456,nectar,focal observations,30,minute
54,Giselle Muschett,1998-01/2000-03,2004,"Rebolledo et al. 2004. Actividad de visita de Bombus dahlbomi (Guérin)y Bombus ruderatus (F.) (Hymenoptera:Apidae) sobre Trebol Rosado (Trifolium pratense L.) en la IX Region de la La Araucania, Chile . Agricultura Tecnica Chile, 64, 245-250. doi: 10.4067/S0365-28072004000300004",Chile,Araucania,NA,"Angol, Lonquimay, Temuco, Carahue-Puerto Saavedra-Ningue y Freire-Villarrica-Colico",NA,NA,NA,NA,NA,NA,NA,NA,NA,NA,Acacia dealbata,Magnoliopsida,Fabaceae,Acacia,dealbata,NA,species,Mimosaceae,NA,NA,NA,NA,NA,Bombus dahlbomii,Insecta,Hymenoptera,Apidae,NA,Bombus,dahlbomii,species,NA,native,pollinated by,http://purl.obolibrary.org/obo/RO_0002456,nectar,focal observations,30,minute
54,Giselle Muschett,1998-01/2000-03,2004,"Rebolledo et al. 2004. Actividad de visita de Bombus dahlbomi (Guérin)y Bombus ruderatus (F.) (Hymenoptera:Apidae) sobre Trebol Rosado (Trifolium pratense L.) en la IX Region de la La Araucania, Chile . Agricultura Tecnica Chile, 64, 245-250. doi: 10.4067/S0365-28072004000300004",Chile,Araucania,NA,"Angol, Lonquimay, Temuco, Carahue-Puerto Saavedra-Ningue y Freire-Villarrica-Colico",NA,NA,NA,NA,NA,NA,NA,NA,NA,NA,Luma apiculata,Magnoliopsida,Myrtaceae,Luma,apiculata,NA,species,NA,native,NA,NA,NA,NA,Bombus dahlbomii,Insecta,Hymenoptera,Apidae,NA,Bombus,dahlbomii,species,NA,native,pollinated by,http://purl.obolibrary.org/obo/RO_0002456,nectar,focal observations,30,minute
54,Giselle Muschett,1998-01/2000-03,2004,"Rebolledo et al. 2004. Actividad de visita de Bombus dahlbomi (Guérin)y Bombus ruderatus (F.) (Hymenoptera:Apidae) sobre Trebol Rosado (Trifolium pratense L.) en la IX Region de la La Araucania, Chile . Agricultura Tecnica Chile, 64, 245-250. doi: 10.4067/S0365-28072004000300004",Chile,Araucania,NA,"Angol, Lonquimay, Temuco, Carahue-Puerto Saavedra-Ningue y Freire-Villarrica-Colico",NA,NA,NA,NA,NA,NA,NA,NA,NA,NA,Pisum sativum,Magnoliopsida,Fabaceae,Pisum,sativum,NA,species,NA,NA,NA,NA,NA,NA,Bombus dahlbomii,Insecta,Hymenoptera,Apidae,NA,Bombus,dahlbomii,species,NA,native,pollinated by,http://purl.obolibrary.org/obo/RO_0002456,nectar,focal observations,30,minute
54,Giselle Muschett,1998-01/2000-03,2004,"Rebolledo et al. 2004. Actividad de visita de Bombus dahlbomi (Guérin)y Bombus ruderatus (F.) (Hymenoptera:Apidae) sobre Trebol Rosado (Trifolium pratense L.) en la IX Region de la La Araucania, Chile . Agricultura Tecnica Chile, 64, 245-250. doi: 10.4067/S0365-28072004000300004",Chile,Araucania,NA,"Angol, Lonquimay, Temuco, Carahue-Puerto Saavedra-Ningue y Freire-Villarrica-Colico",NA,NA,NA,NA,NA,NA,NA,NA,NA,NA,Vicia sativa,Magnoliopsida,Fabaceae,Vicia,sativa,NA,species,NA,NA,NA,NA,NA,NA,Bombus dahlbomii,Insecta,Hymenoptera,Apidae,NA,Bombus,dahlbomii,species,NA,native,pollinated by,http://purl.obolibrary.org/obo/RO_0002456,nectar,focal observations,30,minute
54,Giselle Muschett,1998-01/2000-03,2004,"Rebolledo et al. 2004. Actividad de visita de Bombus dahlbomi (Guérin)y Bombus ruderatus (F.) (Hymenoptera:Apidae) sobre Trebol Rosado (Trifolium pratense L.) en la IX Region de la La Araucania, Chile . Agricultura Tecnica Chile, 64, 245-250. doi: 10.4067/S0365-28072004000300004",Chile,Araucania,NA,"Angol, Lonquimay, Temuco, Carahue-Puerto Saavedra-Ningue y Freire-Villarrica-Colico",NA,NA,NA,NA,NA,NA,NA,NA,NA,NA,Cirsium vulgare,Magnoliopsida,Asteraceae,Cirsium,vulgare,NA,species,NA,NA,NA,NA,NA,NA,Bombus dahlbomii,Insecta,Hymenoptera,Apidae,NA,Bombus,dahlbomii,species,NA,native,pollinated by,http://purl.obolibrary.org/obo/RO_0002456,nectar,focal observations,30,minute
54,Giselle Muschett,1998-01/2000-03,2004,"Rebolledo et al. 2004. Actividad de visita de Bombus dahlbomi (Guérin)y Bombus ruderatus (F.) (Hymenoptera:Apidae) sobre Trebol Rosado (Trifolium pratense L.) en la IX Region de la La Araucania, Chile . Agricultura Tecnica Chile, 64, 245-250. doi: 10.4067/S0365-28072004000300004",Chile,Araucania,NA,"Angol, Lonquimay, Temuco, Carahue-Puerto Saavedra-Ningue y Freire-Villarrica-Colico",NA,NA,NA,NA,NA,NA,NA,NA,NA,NA,Digitalis purpurea,Magnoliopsida,Scrophulariaceae,Digitalis,purpurea,NA,species,NA,native,NA,NA,NA,NA,Bombus dahlbomii,Insecta,Hymenoptera,Apidae,NA,Bombus,dahlbomii,species,NA,native,pollinated by,http://purl.obolibrary.org/obo/RO_0002456,nectar,focal observations,30,minute
54,Giselle Muschett,1998-01/2000-03,2004,"Rebolledo et al. 2004. Actividad de visita de Bombus dahlbomi (Guérin)y Bombus ruderatus (F.) (Hymenoptera:Apidae) sobre Trebol Rosado (Trifolium pratense L.) en la IX Region de la La Araucania, Chile . Agricultura Tecnica Chile, 64, 245-250. doi: 10.4067/S0365-28072004000300004",Chile,Araucania,NA,"Angol, Lonquimay, Temuco, Carahue-Puerto Saavedra-Ningue y Freire-Villarrica-Colico",NA,NA,NA,NA,NA,NA,NA,NA,NA,NA,Fuchsia magellanica,Magnoliopsida,Onagraceae,Fuchsia,magellanica,NA,species,NA,native,NA,NA,NA,NA,Bombus dahlbomii,Insecta,Hymenoptera,Apidae,NA,Bombus,dahlbomii,species,NA,native,pollinated by,http://purl.obolibrary.org/obo/RO_0002456,nectar,focal observations,30,minute
54,Giselle Muschett,1998-01/2000-03,2004,"Rebolledo et al. 2004. Actividad de visita de Bombus dahlbomi (Guérin)y Bombus ruderatus (F.) (Hymenoptera:Apidae) sobre Trebol Rosado (Trifolium pratense L.) en la IX Region de la La Araucania, Chile . Agricultura Tecnica Chile, 64, 245-250. doi: 10.4067/S0365-28072004000300004",Chile,Araucania,NA,"Angol, Lonquimay, Temuco, Carahue-Puerto Saavedra-Ningue y Freire-Villarrica-Colico",NA,NA,NA,NA,NA,NA,NA,NA,NA,NA,Dahlia ,Magnoliopsida,Asteraceae,Dahlia,NA,NA,genus,NA,NA,NA,NA,NA,NA,Bombus dahlbomii,Insecta,Hymenoptera,Apidae,NA,Bombus,dahlbomii,species,NA,native,pollinated by,http://purl.obolibrary.org/obo/RO_0002456,nectar,focal observations,30,minute
54,Giselle Muschett,1998-01/2000-03,2004,"Rebolledo et al. 2004. Actividad de visita de Bombus dahlbomi (Guérin)y Bombus ruderatus (F.) (Hymenoptera:Apidae) sobre Trebol Rosado (Trifolium pratense L.) en la IX Region de la La Araucania, Chile . Agricultura Tecnica Chile, 64, 245-250. doi: 10.4067/S0365-28072004000300004",Chile,Araucania,NA,"Angol, Lonquimay, Temuco, Carahue-Puerto Saavedra-Ningue y Freire-Villarrica-Colico",NA,NA,NA,NA,NA,NA,NA,NA,NA,NA,Vicia faba,Magnoliopsida,Fabaceae,Vicia,faba,NA,species,NA,NA,NA,NA,NA,NA,Bombus dahlbomii,Insecta,Hymenoptera,Apidae,NA,Bombus,dahlbomii,species,NA,native,pollinated by,http://purl.obolibrary.org/obo/RO_0002456,nectar,focal observations,30,minute
54,Giselle Muschett,1998-01/2000-03,2004,"Rebolledo et al. 2004. Actividad de visita de Bombus dahlbomi (Guérin)y Bombus ruderatus (F.) (Hymenoptera:Apidae) sobre Trebol Rosado (Trifolium pratense L.) en la IX Region de la La Araucania, Chile . Agricultura Tecnica Chile, 64, 245-250. doi: 10.4067/S0365-28072004000300004",Chile,Araucania,NA,"Angol, Lonquimay, Temuco, Carahue-Puerto Saavedra-Ningue y Freire-Villarrica-Colico",NA,NA,NA,NA,NA,NA,NA,NA,NA,NA,Echium vulgare,Magnoliopsida,Boraginaceae,Echium,vulgare,NA,species,NA,NA,NA,NA,NA,NA,Bombus dahlbomii,Insecta,Hymenoptera,Apidae,NA,Bombus,dahlbomii,species,NA,native,pollinated by,http://purl.obolibrary.org/obo/RO_0002456,nectar,focal observations,30,minute
54,Giselle Muschett,1998-01/2000-03,2004,"Rebolledo et al. 2004. Actividad de visita de Bombus dahlbomi (Guérin)y Bombus ruderatus (F.) (Hymenoptera:Apidae) sobre Trebol Rosado (Trifolium pratense L.) en la IX Region de la La Araucania, Chile . Agricultura Tecnica Chile, 64, 245-250. doi: 10.4067/S0365-28072004000300004",Chile,Araucania,NA,"Angol, Lonquimay, Temuco, Carahue-Puerto Saavedra-Ningue y Freire-Villarrica-Colico",NA,NA,NA,NA,NA,NA,NA,NA,NA,NA,Lavandula angustifolia,Magnoliopsida,Lamiaceae,Lavandula,angustifolia,NA,species,Lavandula officinalis,NA,NA,NA,NA,NA,Bombus dahlbomii,Insecta,Hymenoptera,Apidae,NA,Bombus,dahlbomii,species,NA,native,pollinated by,http://purl.obolibrary.org/obo/RO_0002456,nectar,focal observations,30,minute
54,Giselle Muschett,1998-01/2000-03,2004,"Rebolledo et al. 2004. Actividad de visita de Bombus dahlbomi (Guérin)y Bombus ruderatus (F.) (Hymenoptera:Apidae) sobre Trebol Rosado (Trifolium pratense L.) en la IX Region de la La Araucania, Chile . Agricultura Tecnica Chile, 64, 245-250. doi: 10.4067/S0365-28072004000300004",Chile,Araucania,NA,"Angol, Lonquimay, Temuco, Carahue-Puerto Saavedra-Ningue y Freire-Villarrica-Colico",NA,NA,NA,NA,NA,NA,NA,NA,NA,NA,Lupinus luteus,Magnoliopsida,Fabaceae,Lupinus,luteus,NA,species,NA,NA,NA,NA,NA,NA,Bombus dahlbomii,Insecta,Hymenoptera,Apidae,NA,Bombus,dahlbomii,species,NA,native,pollinated by,http://purl.obolibrary.org/obo/RO_0002456,nectar,focal observations,30,minute
54,Giselle Muschett,1998-01/2000-03,2004,"Rebolledo et al. 2004. Actividad de visita de Bombus dahlbomi (Guérin)y Bombus ruderatus (F.) (Hymenoptera:Apidae) sobre Trebol Rosado (Trifolium pratense L.) en la IX Region de la La Araucania, Chile . Agricultura Tecnica Chile, 64, 245-250. doi: 10.4067/S0365-28072004000300004",Chile,Araucania,NA,"Angol, Lonquimay, Temuco, Carahue-Puerto Saavedra-Ningue y Freire-Villarrica-Colico",NA,NA,NA,NA,NA,NA,NA,NA,NA,NA,Embothrium coccineum,Magnoliopsida,Proteaceae,Embothrium,coccineum,NA,species,NA,native,NA,NA,NA,NA,Bombus dahlbomii,Insecta,Hymenoptera,Apidae,NA,Bombus,dahlbomii,species,NA,native,pollinated by,http://purl.obolibrary.org/obo/RO_0002456,nectar,focal observations,30,minute
54,Giselle Muschett,1998-01/2000-03,2004,"Rebolledo et al. 2004. Actividad de visita de Bombus dahlbomi (Guérin)y Bombus ruderatus (F.) (Hymenoptera:Apidae) sobre Trebol Rosado (Trifolium pratense L.) en la IX Region de la La Araucania, Chile . Agricultura Tecnica Chile, 64, 245-250. doi: 10.4067/S0365-28072004000300004",Chile,Araucania,NA,"Angol, Lonquimay, Temuco, Carahue-Puerto Saavedra-Ningue y Freire-Villarrica-Colico",NA,NA,NA,NA,NA,NA,NA,NA,NA,NA,Sophora microphylla,Magnoliopsida,Fabaceae,Sophora,microphylla,NA,species,NA,native,NA,NA,NA,NA,Bombus dahlbomii,Insecta,Hymenoptera,Apidae,NA,Bombus,dahlbomii,species,NA,native,pollinated by,http://purl.obolibrary.org/obo/RO_0002456,nectar,focal observations,30,minute
54,Giselle Muschett,1998-01/2000-03,2004,"Rebolledo et al. 2004. Actividad de visita de Bombus dahlbomi (Guérin)y Bombus ruderatus (F.) (Hymenoptera:Apidae) sobre Trebol Rosado (Trifolium pratense L.) en la IX Region de la La Araucania, Chile . Agricultura Tecnica Chile, 64, 245-250. doi: 10.4067/S0365-28072004000300004",Chile,Araucania,NA,"Angol, Lonquimay, Temuco, Carahue-Puerto Saavedra-Ningue y Freire-Villarrica-Colico",NA,NA,NA,NA,NA,NA,NA,NA,NA,NA,Viola arvensis,Magnoliopsida,Violaceae,Viola,arvensis,NA,species,NA,NA,NA,NA,NA,NA,Bombus dahlbomii,Insecta,Hymenoptera,Apidae,NA,Bombus,dahlbomii,species,NA,native,pollinated by,http://purl.obolibrary.org/obo/RO_0002456,nectar,focal observations,30,minute
54,Giselle Muschett,1998-01/2000-03,2004,"Rebolledo et al. 2004. Actividad de visita de Bombus dahlbomi (Guérin)y Bombus ruderatus (F.) (Hymenoptera:Apidae) sobre Trebol Rosado (Trifolium pratense L.) en la IX Region de la La Araucania, Chile . Agricultura Tecnica Chile, 64, 245-250. doi: 10.4067/S0365-28072004000300004",Chile,Araucania,NA,"Angol, Lonquimay, Temuco, Carahue-Puerto Saavedra-Ningue y Freire-Villarrica-Colico",NA,NA,NA,NA,NA,NA,NA,NA,NA,NA,Antirrhinum ,Magnoliopsida,Scrophulariaceae,Antirrhinum,NA,NA,genus,NA,NA,NA,NA,NA,NA,Bombus dahlbomii,Insecta,Hymenoptera,Apidae,NA,Bombus,dahlbomii,species,NA,native,pollinated by,http://purl.obolibrary.org/obo/RO_0002456,nectar,focal observations,30,minute
54,Giselle Muschett,1998-01/2000-03,2004,"Rebolledo et al. 2004. Actividad de visita de Bombus dahlbomi (Guérin)y Bombus ruderatus (F.) (Hymenoptera:Apidae) sobre Trebol Rosado (Trifolium pratense L.) en la IX Region de la La Araucania, Chile . Agricultura Tecnica Chile, 64, 245-250. doi: 10.4067/S0365-28072004000300004",Chile,Araucania,NA,"Angol, Lonquimay, Temuco, Carahue-Puerto Saavedra-Ningue y Freire-Villarrica-Colico",NA,NA,NA,NA,NA,NA,NA,NA,NA,NA,Ulex europaeus,Magnoliopsida,Fabaceae,Ulex,europaeus,NA,species,NA,NA,NA,NA,NA,NA,Bombus dahlbomii,Insecta,Hymenoptera,Apidae,NA,Bombus,dahlbomii,species,NA,native,pollinated by,http://purl.obolibrary.org/obo/RO_0002456,nectar,focal observations,30,minute
54,Giselle Muschett,1998-01/2000-03,2004,"Rebolledo et al. 2004. Actividad de visita de Bombus dahlbomi (Guérin)y Bombus ruderatus (F.) (Hymenoptera:Apidae) sobre Trebol Rosado (Trifolium pratense L.) en la IX Region de la La Araucania, Chile . Agricultura Tecnica Chile, 64, 245-250. doi: 10.4067/S0365-28072004000300004",Chile,Araucania,NA,"Angol, Lonquimay, Temuco, Carahue-Puerto Saavedra-Ningue y Freire-Villarrica-Colico",NA,NA,NA,NA,NA,NA,NA,NA,NA,NA,Phaseolus vulgaris,Magnoliopsida,Fabaceae,Phaseolus,vulgaris,NA,species,NA,NA,NA,NA,NA,NA,Bombus dahlbomii,Insecta,Hymenoptera,Apidae,NA,Bombus,dahlbomii,species,NA,native,pollinated by,http://purl.obolibrary.org/obo/RO_0002456,nectar,focal observations,30,minute
54,Giselle Muschett,1998-01/2000-03,2004,"Rebolledo et al. 2004. Actividad de visita de Bombus dahlbomi (Guérin)y Bombus ruderatus (F.) (Hymenoptera:Apidae) sobre Trebol Rosado (Trifolium pratense L.) en la IX Region de la La Araucania, Chile . Agricultura Tecnica Chile, 64, 245-250. doi: 10.4067/S0365-28072004000300004",Chile,Araucania,NA,"Angol, Lonquimay, Temuco, Carahue-Puerto Saavedra-Ningue y Freire-Villarrica-Colico",NA,NA,NA,NA,NA,NA,NA,NA,NA,NA,Cytisus striatus,Magnoliopsida,Fabaceae,Cytisus,striatus,NA,species,NA,NA,NA,NA,NA,NA,Bombus dahlbomii,Insecta,Hymenoptera,Apidae,NA,Bombus,dahlbomii,species,NA,native,pollinated by,http://purl.obolibrary.org/obo/RO_0002456,nectar,focal observations,30,minute
54,Giselle Muschett,1998-01/2000-03,2004,"Rebolledo et al. 2004. Actividad de visita de Bombus dahlbomi (Guérin)y Bombus ruderatus (F.) (Hymenoptera:Apidae) sobre Trebol Rosado (Trifolium pratense L.) en la IX Region de la La Araucania, Chile . Agricultura Tecnica Chile, 64, 245-250. doi: 10.4067/S0365-28072004000300004",Chile,Araucania,NA,"Angol, Lonquimay, Temuco, Carahue-Puerto Saavedra-Ningue y Freire-Villarrica-Colico",NA,NA,NA,NA,NA,NA,NA,NA,NA,NA,Rhododendron ,Magnoliopsida,Ericaceae,Rhododendron,NA,NA,genus,NA,NA,NA,NA,NA,NA,Bombus dahlbomii,Insecta,Hymenoptera,Apidae,NA,Bombus,dahlbomii,species,NA,native,pollinated by,http://purl.obolibrary.org/obo/RO_0002456,nectar,focal observations,30,minute
54,Giselle Muschett,1998-01/2000-03,2004,"Rebolledo et al. 2004. Actividad de visita de Bombus dahlbomi (Guérin)y Bombus ruderatus (F.) (Hymenoptera:Apidae) sobre Trebol Rosado (Trifolium pratense L.) en la IX Region de la La Araucania, Chile . Agricultura Tecnica Chile, 64, 245-250. doi: 10.4067/S0365-28072004000300004",Chile,Araucania,NA,"Angol, Lonquimay, Temuco, Carahue-Puerto Saavedra-Ningue y Freire-Villarrica-Colico",NA,NA,NA,NA,NA,NA,NA,NA,NA,NA,Rosa rubiginosa,Magnoliopsida,Rosaceae,Rosa,rubiginosa,NA,species,NA,NA,NA,NA,NA,NA,Bombus dahlbomii,Insecta,Hymenoptera,Apidae,NA,Bombus,dahlbomii,species,NA,native,pollinated by,http://purl.obolibrary.org/obo/RO_0002456,nectar,focal observations,30,minute
54,Giselle Muschett,1998-01/2000-03,2004,"Rebolledo et al. 2004. Actividad de visita de Bombus dahlbomi (Guérin)y Bombus ruderatus (F.) (Hymenoptera:Apidae) sobre Trebol Rosado (Trifolium pratense L.) en la IX Region de la La Araucania, Chile . Agricultura Tecnica Chile, 64, 245-250. doi: 10.4067/S0365-28072004000300004",Chile,Araucania,NA,"Angol, Lonquimay, Temuco, Carahue-Puerto Saavedra-Ningue y Freire-Villarrica-Colico",NA,NA,NA,NA,NA,NA,NA,NA,NA,NA,Daucus carota,Magnoliopsida,Apiaceae,Daucus,carota,NA,species,NA,NA,NA,NA,NA,NA,Bombus dahlbomii,Insecta,Hymenoptera,Apidae,NA,Bombus,dahlbomii,species,NA,native,pollinated by,http://purl.obolibrary.org/obo/RO_0002456,nectar,focal observations,30,minute
54,Giselle Muschett,1998-01/2000-03,2004,"Rebolledo et al. 2004. Actividad de visita de Bombus dahlbomi (Guérin)y Bombus ruderatus (F.) (Hymenoptera:Apidae) sobre Trebol Rosado (Trifolium pratense L.) en la IX Region de la La Araucania, Chile . Agricultura Tecnica Chile, 64, 245-250. doi: 10.4067/S0365-28072004000300004",Chile,Araucania,NA,"Angol, Lonquimay, Temuco, Carahue-Puerto Saavedra-Ningue y Freire-Villarrica-Colico",NA,NA,NA,NA,NA,NA,NA,NA,NA,NA,Cucurbita maxima,Magnoliopsida,Cucurbitaceae,Cucurbita,maxima,NA,species,NA,NA,NA,NA,NA,NA,Bombus dahlbomii,Insecta,Hymenoptera,Apidae,NA,Bombus,dahlbomii,species,NA,native,pollinated by,http://purl.obolibrary.org/obo/RO_0002456,nectar,focal observations,30,minute
54,Giselle Muschett,1998-01/2000-03,2004,"Rebolledo et al. 2004. Actividad de visita de Bombus dahlbomi (Guérin)y Bombus ruderatus (F.) (Hymenoptera:Apidae) sobre Trebol Rosado (Trifolium pratense L.) en la IX Region de la La Araucania, Chile . Agricultura Tecnica Chile, 64, 245-250. doi: 10.4067/S0365-28072004000300004",Chile,Araucania,NA,"Angol, Lonquimay, Temuco, Carahue-Puerto Saavedra-Ningue y Freire-Villarrica-Colico",NA,NA,NA,NA,NA,NA,NA,NA,NA,NA,Rubus ulmifolius,Magnoliopsida,Rosaceae,Rubus,ulmifolius,NA,species,NA,NA,NA,NA,NA,NA,Bombus dahlbomii,Insecta,Hymenoptera,Apidae,NA,Bombus,dahlbomii,species,NA,native,pollinated by,http://purl.obolibrary.org/obo/RO_0002456,nectar,focal observations,30,minute
57,Giselle Muschett,NA,2002,"Ruz. 2002. Bee pollinators introduced to Chile. In: Pollinating Bees - The Conservation Link Between Agriculture and Nature, 155-167.",Chile,NA,NA,NA,NA,NA,NA,NA,NA,NA,NA,NA,NA,NA,Trifolium pratense,Magnoliopsida,Fabaceae,Trifolium,pratense,NA,species,NA,cultivated,herb,NA,NA,NA,Bombus dahlbomii,Insecta,Hymenoptera,Apidae,NA,Bombus,dahlbomii,species,NA,native,pollinated by,http://purl.obolibrary.org/obo/RO_0002456,NA,NA,NA,NA
59,Giselle Muschett,NA,2013,"Schmid-Hempel. 2013. The invasion of southern South America by imported bumblebees and associated parasites. Journal of Animal Ecology, 83(4), 823-837. doi: 10.1111/1365-2656.12185",Chile,Los Rios,NA,Valdivia,-39.82083,-73.28083,NA,NA,NA,NA,NA,NA,NA,NA,NA,Magnoliopsida,NA,NA,NA,NA,NA,NA,NA,NA,NA,3,NA,Bombus dahlbomii,Insecta,Hymenoptera,Apidae,NA,Bombus,dahlbomii,species,NA,native,has flowers visited by,http://purl.obolibrary.org/obo/RO_0002623,NA,NA,NA,NA
59,Giselle Muschett,NA,2013,"Schmid-Hempel. 2013. The invasion of southern South America by imported bumblebees and associated parasites. Journal of Animal Ecology, 83(4), 823-837. doi: 10.1111/1365-2656.12185",Chile,Araucania,NA,Campo Anders,-39.135,-72.558,NA,NA,NA,NA,NA,NA,NA,NA,NA,Magnoliopsida,NA,NA,NA,NA,NA,NA,NA,NA,NA,NA,NA,Bombus dahlbomii,Insecta,Hymenoptera,Apidae,NA,Bombus,dahlbomii,species,NA,native,has flowers visited by,http://purl.obolibrary.org/obo/RO_0002623,NA,NA,NA,NA
59,Giselle Muschett,NA,2013,"Schmid-Hempel. 2013. The invasion of southern South America by imported bumblebees and associated parasites. Journal of Animal Ecology, 83(4), 823-837. doi: 10.1111/1365-2656.12185",Chile,Araucania,NA,Aguas Grandes,-39.172,-72.432,NA,NA,NA,NA,NA,NA,NA,NA,NA,Magnoliopsida,NA,NA,NA,NA,NA,NA,NA,NA,NA,NA,NA,Bombus dahlbomii,Insecta,Hymenoptera,Apidae,NA,Bombus,dahlbomii,species,NA,native,has flowers visited by,http://purl.obolibrary.org/obo/RO_0002623,NA,NA,NA,NA
59,Giselle Muschett,NA,2013,"Schmid-Hempel. 2013. The invasion of southern South America by imported bumblebees and associated parasites. Journal of Animal Ecology, 83(4), 823-837. doi: 10.1111/1365-2656.12185",Chile,Araucania,NA,Cunco,-38.838,-72.37,NA,NA,NA,NA,NA,NA,NA,NA,NA,Magnoliopsida,NA,NA,NA,NA,NA,NA,NA,NA,NA,NA,NA,Bombus dahlbomii,Insecta,Hymenoptera,Apidae,NA,Bombus,dahlbomii,species,NA,native,has flowers visited by,http://purl.obolibrary.org/obo/RO_0002623,NA,NA,NA,NA
59,Giselle Muschett,NA,2013,"Schmid-Hempel. 2013. The invasion of southern South America by imported bumblebees and associated parasites. Journal of Animal Ecology, 83(4), 823-837. doi: 10.1111/1365-2656.12185",Chile,Araucania,NA,Pucon,-39.335,-71.972,NA,NA,NA,NA,NA,NA,NA,NA,NA,Magnoliopsida,NA,NA,NA,NA,NA,NA,NA,NA,NA,NA,NA,Bombus dahlbomii,Insecta,Hymenoptera,Apidae,NA,Bombus,dahlbomii,species,NA,native,has flowers visited by,http://purl.obolibrary.org/obo/RO_0002623,NA,NA,NA,NA
59,Giselle Muschett,NA,2013,"Schmid-Hempel. 2013. The invasion of southern South America by imported bumblebees and associated parasites. Journal of Animal Ecology, 83(4), 823-837. doi: 10.1111/1365-2656.12185",Chile,Valparaiso,NA,Docas,-33.13595,-71.70783,NA,NA,NA,NA,NA,NA,NA,NA,NA,Magnoliopsida,NA,NA,NA,NA,NA,NA,NA,NA,NA,NA,NA,Bombus dahlbomii,Insecta,Hymenoptera,Apidae,NA,Bombus,dahlbomii,species,NA,native,has flowers visited by,http://purl.obolibrary.org/obo/RO_0002623,NA,NA,NA,NA
59,Giselle Muschett,NA,2013,"Schmid-Hempel. 2013. The invasion of southern South America by imported bumblebees and associated parasites. Journal of Animal Ecology, 83(4), 823-837. doi: 10.1111/1365-2656.12185",Chile,Metropolitana de Santiago,NA,Farellones,-33.35327,-70.32563,NA,NA,NA,NA,NA,NA,NA,NA,NA,Magnoliopsida,NA,NA,NA,NA,NA,NA,NA,NA,NA,NA,NA,Bombus dahlbomii,Insecta,Hymenoptera,Apidae,NA,Bombus,dahlbomii,species,NA,native,has flowers visited by,http://purl.obolibrary.org/obo/RO_0002623,NA,NA,NA,NA
59,Giselle Muschett,NA,2013,"Schmid-Hempel. 2013. The invasion of southern South America by imported bumblebees and associated parasites. Journal of Animal Ecology, 83(4), 823-837. doi: 10.1111/1365-2656.12185",Chile,Los Lagos,NA,Puerto Montt,-41.70433,-73.35548,NA,NA,NA,NA,NA,NA,NA,NA,NA,Magnoliopsida,NA,NA,NA,NA,NA,NA,NA,NA,NA,NA,NA,Bombus dahlbomii,Insecta,Hymenoptera,Apidae,NA,Bombus,dahlbomii,species,NA,native,has flowers visited by,http://purl.obolibrary.org/obo/RO_0002623,NA,NA,NA,NA
59,Giselle Muschett,NA,2013,"Schmid-Hempel. 2013. The invasion of southern South America by imported bumblebees and associated parasites. Journal of Animal Ecology, 83(4), 823-837. doi: 10.1111/1365-2656.12185",Chile,Los Lagos,NA,Ensenada,-41.27403,-72.47528,NA,NA,NA,NA,NA,NA,NA,NA,NA,Magnoliopsida,NA,NA,NA,NA,NA,NA,NA,NA,NA,NA,NA,Bombus dahlbomii,Insecta,Hymenoptera,Apidae,NA,Bombus,dahlbomii,species,NA,native,has flowers visited by,http://purl.obolibrary.org/obo/RO_0002623,NA,NA,NA,NA
59,Giselle Muschett,NA,2013,"Schmid-Hempel. 2013. The invasion of southern South America by imported bumblebees and associated parasites. Journal of Animal Ecology, 83(4), 823-837. doi: 10.1111/1365-2656.12185",Chile,Araucania,NA,Talhuaca,-38.31043,-71.78938,NA,NA,NA,NA,NA,NA,NA,NA,NA,Magnoliopsida,NA,NA,NA,NA,NA,NA,NA,NA,NA,NA,NA,Bombus dahlbomii,Insecta,Hymenoptera,Apidae,NA,Bombus,dahlbomii,species,NA,native,has flowers visited by,http://purl.obolibrary.org/obo/RO_0002623,NA,NA,NA,NA
59,Giselle Muschett,NA,2013,"Schmid-Hempel. 2013. The invasion of southern South America by imported bumblebees and associated parasites. Journal of Animal Ecology, 83(4), 823-837. doi: 10.1111/1365-2656.12185",Chile,Ñuble,NA,Cobquecura,-36.18277,-72.6572,NA,NA,NA,NA,NA,NA,NA,NA,NA,Magnoliopsida,NA,NA,NA,NA,NA,NA,NA,NA,NA,NA,NA,Bombus dahlbomii,Insecta,Hymenoptera,Apidae,NA,Bombus,dahlbomii,species,NA,native,has flowers visited by,http://purl.obolibrary.org/obo/RO_0002623,NA,NA,NA,NA
59,Giselle Muschett,NA,2013,"Schmid-Hempel. 2013. The invasion of southern South America by imported bumblebees and associated parasites. Journal of Animal Ecology, 83(4), 823-837. doi: 10.1111/1365-2656.12185",Chile,Aysen,NA,LGral Carrera I,-46.56417,-72.71338,NA,NA,NA,NA,NA,NA,NA,NA,NA,Magnoliopsida,NA,NA,NA,NA,NA,NA,NA,NA,NA,NA,NA,Bombus dahlbomii,Insecta,Hymenoptera,Apidae,NA,Bombus,dahlbomii,species,NA,native,has flowers visited by,http://purl.obolibrary.org/obo/RO_0002623,NA,NA,NA,NA
59,Giselle Muschett,NA,2013,"Schmid-Hempel. 2013. The invasion of southern South America by imported bumblebees and associated parasites. Journal of Animal Ecology, 83(4), 823-837. doi: 10.1111/1365-2656.12185",Chile,Aysen,NA,Rio Baker I,-47.05705,-72.80502,NA,NA,NA,NA,NA,NA,NA,NA,NA,Magnoliopsida,NA,NA,NA,NA,NA,NA,NA,NA,NA,NA,NA,Bombus dahlbomii,Insecta,Hymenoptera,Apidae,NA,Bombus,dahlbomii,species,NA,native,has flowers visited by,http://purl.obolibrary.org/obo/RO_0002623,NA,NA,NA,NA
59,Giselle Muschett,NA,2013,"Schmid-Hempel. 2013. The invasion of southern South America by imported bumblebees and associated parasites. Journal of Animal Ecology, 83(4), 823-837. doi: 10.1111/1365-2656.12185",Chile,Aysen,NA,LGral Carrera III,-46.88095,-72.75928,NA,NA,NA,NA,NA,NA,NA,NA,NA,Magnoliopsida,NA,NA,NA,NA,NA,NA,NA,NA,NA,NA,NA,Bombus dahlbomii,Insecta,Hymenoptera,Apidae,NA,Bombus,dahlbomii,species,NA,native,has flowers visited by,http://purl.obolibrary.org/obo/RO_0002623,NA,NA,NA,NA
59,Giselle Muschett,NA,2013,"Schmid-Hempel. 2013. The invasion of southern South America by imported bumblebees and associated parasites. Journal of Animal Ecology, 83(4), 823-837. doi: 10.1111/1365-2656.12185",Chile,Aysen,NA,LGral Carrera IV,-46.69328,-72.4224,NA,NA,NA,NA,NA,NA,NA,NA,NA,Magnoliopsida,NA,NA,NA,NA,NA,NA,NA,NA,NA,NA,NA,Bombus dahlbomii,Insecta,Hymenoptera,Apidae,NA,Bombus,dahlbomii,species,NA,native,has flowers visited by,http://purl.obolibrary.org/obo/RO_0002623,NA,NA,NA,NA
59,Giselle Muschett,NA,2013,"Schmid-Hempel. 2013. The invasion of southern South America by imported bumblebees and associated parasites. Journal of Animal Ecology, 83(4), 823-837. doi: 10.1111/1365-2656.12185",Chile,Magallanes,NA,Puerto Natales,-51.4099,-72.45868,NA,NA,NA,NA,NA,NA,NA,NA,NA,Magnoliopsida,NA,NA,NA,NA,NA,NA,NA,NA,NA,NA,NA,Bombus dahlbomii,Insecta,Hymenoptera,Apidae,NA,Bombus,dahlbomii,species,NA,native,has flowers visited by,http://purl.obolibrary.org/obo/RO_0002623,NA,NA,NA,NA
59,Giselle Muschett,NA,2013,"Schmid-Hempel. 2013. The invasion of southern South America by imported bumblebees and associated parasites. Journal of Animal Ecology, 83(4), 823-837. doi: 10.1111/1365-2656.12185",Chile,Magallanes,NA,Punta Arenas I,-53.6025,-70.95362,NA,NA,NA,NA,NA,NA,NA,NA,NA,Magnoliopsida,NA,NA,NA,NA,NA,NA,NA,NA,NA,NA,NA,Bombus dahlbomii,Insecta,Hymenoptera,Apidae,NA,Bombus,dahlbomii,species,NA,native,has flowers visited by,http://purl.obolibrary.org/obo/RO_0002623,NA,NA,NA,NA
59,Giselle Muschett,NA,2013,"Schmid-Hempel. 2013. The invasion of southern South America by imported bumblebees and associated parasites. Journal of Animal Ecology, 83(4), 823-837. doi: 10.1111/1365-2656.12185",Chile,Magallanes,NA,Punta Arenas II,-53.7192,-70.9663,NA,NA,NA,NA,NA,NA,NA,NA,NA,Magnoliopsida,NA,NA,NA,NA,NA,NA,NA,NA,NA,NA,NA,Bombus dahlbomii,Insecta,Hymenoptera,Apidae,NA,Bombus,dahlbomii,species,NA,native,has flowers visited by,http://purl.obolibrary.org/obo/RO_0002623,NA,NA,NA,NA
64,Giselle Muschett,1999-10/2002-02,2005,"Smith-Ramirez et al. 2005. Diversity, flower visitation frequency and generalism of pollinators in temperate rain forests of Chiloe Island, Chile. Botanical Journal of the Linnean Society, 147, 399–416. doi: 10.1111/j.1095-8339.2005.00388.x",Chile,Los Lagos,NA,"Chiloe Island, X Region",-42,-73.58333333,NA,NA,"42°S, 73° 35' W",30,30,30,NA,NA,Asteranthera ovata,Magnoliopsida,Gesneriaceae,Asteranthera,ovata,NA,species,NA,native,vine,NA,NA,NA,Bombus dahlbomii,Insecta,Hymenoptera,Apidae,NA,Bombus,dahlbomii,species,NA,NA,pollinated by,http://purl.obolibrary.org/obo/RO_0002456,NA,focal observations,20,minute
64,Giselle Muschett,1999-10/2002-02,2005,"Smith-Ramirez et al. 2005. Diversity, flower visitation frequency and generalism of pollinators in temperate rain forests of Chiloe Island, Chile. Botanical Journal of the Linnean Society, 147, 399–416. doi: 10.1111/j.1095-8339.2005.00388.x",Chile,Los Lagos,NA,"Chiloe Island, X Region",-42,-73.58333333,NA,NA,"42°S, 73° 35' W",30,30,30,NA,NA,Mitraria coccinea,Magnoliopsida,Gesneriaceae,Mitraria,coccinea,NA,species,NA,native,vine,NA,NA,NA,Bombus dahlbomii,Insecta,Hymenoptera,Apidae,NA,Bombus,dahlbomii,species,NA,NA,pollinated by,http://purl.obolibrary.org/obo/RO_0002456,NA,focal observations,20,minute
64,Giselle Muschett,1999-10/2002-02,2005,"Smith-Ramirez et al. 2005. Diversity, flower visitation frequency and generalism of pollinators in temperate rain forests of Chiloe Island, Chile. Botanical Journal of the Linnean Society, 147, 399–416. doi: 10.1111/j.1095-8339.2005.00388.x",Chile,Los Lagos,NA,"Chiloe Island, X Region",-42,-73.58333333,NA,NA,"42°S, 73° 35' W",30,30,30,NA,NA,Ugni candollei,Magnoliopsida,Myrtaceae,Ugni,candollei,NA,species,NA,native,shrub,NA,NA,NA,Bombus dahlbomii,Insecta,Hymenoptera,Apidae,NA,Bombus,dahlbomii,species,NA,NA,pollinated by,http://purl.obolibrary.org/obo/RO_0002456,NA,focal observations,20,minute
64,Giselle Muschett,1999-10/2002-02,2005,"Smith-Ramirez et al. 2005. Diversity, flower visitation frequency and generalism of pollinators in temperate rain forests of Chiloe Island, Chile. Botanical Journal of the Linnean Society, 147, 399–416. doi: 10.1111/j.1095-8339.2005.00388.x",Chile,Los Lagos,NA,"Chiloe Island, X Region",-42,-73.58333333,NA,NA,"42°S, 73° 35' W",30,30,30,NA,NA,Luzuriaga radicans,Magnoliopsida,Philesiaceae,Luzuriaga,radicans,NA,species,NA,native,vine,NA,NA,NA,Bombus dahlbomii,Insecta,Hymenoptera,Apidae,NA,Bombus,dahlbomii,species,NA,NA,pollinated by,http://purl.obolibrary.org/obo/RO_0002456,NA,focal observations,20,minute
64,Giselle Muschett,1999-10/2002-02,2005,"Smith-Ramirez et al. 2005. Diversity, flower visitation frequency and generalism of pollinators in temperate rain forests of Chiloe Island, Chile. Botanical Journal of the Linnean Society, 147, 399–416. doi: 10.1111/j.1095-8339.2005.00388.x",Chile,Los Lagos,NA,"Chiloe Island, X Region",-42,-73.58333333,NA,NA,"42°S, 73° 35' W",30,30,30,NA,NA,Luzuriaga polyphylla,Magnoliopsida,Philesiaceae,Luzuriaga,polyphylla,NA,species,NA,native,vine,NA,NA,NA,Bombus dahlbomii,Insecta,Hymenoptera,Apidae,NA,Bombus,dahlbomii,species,NA,NA,pollinated by,http://purl.obolibrary.org/obo/RO_0002456,NA,focal observations,20,minute
64,Giselle Muschett,1999-10/2002-02,2005,"Smith-Ramirez et al. 2005. Diversity, flower visitation frequency and generalism of pollinators in temperate rain forests of Chiloe Island, Chile. Botanical Journal of the Linnean Society, 147, 399–416. doi: 10.1111/j.1095-8339.2005.00388.x",Chile,Los Lagos,NA,"Chiloe Island, X Region",-42,-73.58333333,NA,NA,"42°S, 73° 35' W",30,30,30,NA,NA,Ovidia andina,Magnoliopsida,Thymelaeaceae,Ovidia,andina,NA,species,Ovidia pillopillo,native,shrub,NA,NA,NA,Bombus dahlbomii,Insecta,Hymenoptera,Apidae,NA,Bombus,dahlbomii,species,NA,NA,pollinated by,http://purl.obolibrary.org/obo/RO_0002456,NA,focal observations,20,minute
64,Giselle Muschett,1999-10/2002-02,2005,"Smith-Ramirez et al. 2005. Diversity, flower visitation frequency and generalism of pollinators in temperate rain forests of Chiloe Island, Chile. Botanical Journal of the Linnean Society, 147, 399–416. doi: 10.1111/j.1095-8339.2005.00388.x",Chile,Los Lagos,NA,"Chiloe Island, X Region",-42,-73.58333333,NA,NA,"42°S, 73° 35' W",30,30,30,NA,NA,Hydrangea serratifolia,Magnoliopsida,Hydrangeaceae,Hydrangea,serratifolia,NA,species,NA,native,vine,NA,NA,NA,Bombus dahlbomii,Insecta,Hymenoptera,Apidae,NA,Bombus,dahlbomii,species,NA,NA,pollinated by,http://purl.obolibrary.org/obo/RO_0002456,NA,focal observations,20,minute
64,Giselle Muschett,1999-10/2002-02,2005,"Smith-Ramirez et al. 2005. Diversity, flower visitation frequency and generalism of pollinators in temperate rain forests of Chiloe Island, Chile. Botanical Journal of the Linnean Society, 147, 399–416. doi: 10.1111/j.1095-8339.2005.00388.x",Chile,Los Lagos,NA,"Chiloe Island, X Region",-42,-73.58333333,NA,NA,"42°S, 73° 35' W",30,30,30,NA,NA,Rhaphithamnus spinosus,Magnoliopsida,Verbenaceae,Rhaphithamnus,spinosus,NA,species,NA,native,shrub,NA,NA,NA,Bombus dahlbomii,Insecta,Hymenoptera,Apidae,NA,Bombus,dahlbomii,species,NA,NA,pollinated by,http://purl.obolibrary.org/obo/RO_0002456,NA,focal observations,20,minute
64,Giselle Muschett,1999-10/2002-02,2005,"Smith-Ramirez et al. 2005. Diversity, flower visitation frequency and generalism of pollinators in temperate rain forests of Chiloe Island, Chile. Botanical Journal of the Linnean Society, 147, 399–416. doi: 10.1111/j.1095-8339.2005.00388.x",Chile,Los Lagos,NA,"Chiloe Island, X Region",-42,-73.58333333,NA,NA,"42°S, 73° 35' W",30,30,30,NA,NA,Myrceugenia parvifolia,Magnoliopsida,Myrtaceae,Myrceugenia,parvifolia,NA,species,NA,native,tree,NA,NA,NA,Bombus dahlbomii,Insecta,Hymenoptera,Apidae,NA,Bombus,dahlbomii,species,NA,NA,pollinated by,http://purl.obolibrary.org/obo/RO_0002456,NA,focal observations,20,minute
64,Giselle Muschett,1999-10/2002-02,2005,"Smith-Ramirez et al. 2005. Diversity, flower visitation frequency and generalism of pollinators in temperate rain forests of Chiloe Island, Chile. Botanical Journal of the Linnean Society, 147, 399–416. doi: 10.1111/j.1095-8339.2005.00388.x",Chile,Los Lagos,NA,"Chiloe Island, X Region",-42,-73.58333333,NA,NA,"42°S, 73° 35' W",30,30,30,NA,NA,Berberis buxifolia,Magnoliopsida,Berberidaceae,Berberis,buxifolia,NA,species,NA,native,shrub,NA,NA,NA,Bombus dahlbomii,Insecta,Hymenoptera,Apidae,NA,Bombus,dahlbomii,species,NA,NA,pollinated by,http://purl.obolibrary.org/obo/RO_0002456,NA,focal observations,20,minute
64,Giselle Muschett,1999-10/2002-02,2005,"Smith-Ramirez et al. 2005. Diversity, flower visitation frequency and generalism of pollinators in temperate rain forests of Chiloe Island, Chile. Botanical Journal of the Linnean Society, 147, 399–416. doi: 10.1111/j.1095-8339.2005.00388.x",Chile,Los Lagos,NA,"Chiloe Island, X Region",-42,-73.58333333,NA,NA,"42°S, 73° 35' W",30,30,30,NA,NA,Gaultheria phillyreifolia,Magnoliopsida,Ericaceae,Gaultheria,phillyreifolia,NA,species,NA,native,shrub,NA,NA,NA,Bombus dahlbomii,Insecta,Hymenoptera,Apidae,NA,Bombus,dahlbomii,species,NA,NA,pollinated by,http://purl.obolibrary.org/obo/RO_0002456,NA,focal observations,20,minute
64,Giselle Muschett,1999-10/2002-02,2005,"Smith-Ramirez et al. 2005. Diversity, flower visitation frequency and generalism of pollinators in temperate rain forests of Chiloe Island, Chile. Botanical Journal of the Linnean Society, 147, 399–416. doi: 10.1111/j.1095-8339.2005.00388.x",Chile,Los Lagos,NA,"Chiloe Island, X Region",-42,-73.58333333,NA,NA,"42°S, 73° 35' W",30,30,30,NA,NA,Ugni molinae,Magnoliopsida,Myrtaceae,Ugni,molinae,NA,species,NA,native,shrub,NA,NA,NA,Bombus dahlbomii,Insecta,Hymenoptera,Apidae,NA,Bombus,dahlbomii,species,NA,NA,pollinated by,http://purl.obolibrary.org/obo/RO_0002456,NA,focal observations,20,minute
64,Giselle Muschett,1999-10/2002-02,2005,"Smith-Ramirez et al. 2005. Diversity, flower visitation frequency and generalism of pollinators in temperate rain forests of Chiloe Island, Chile. Botanical Journal of the Linnean Society, 147, 399–416. doi: 10.1111/j.1095-8339.2005.00388.x",Chile,Los Lagos,NA,"Chiloe Island, X Region",-42,-73.58333333,NA,NA,"42°S, 73° 35' W",30,30,30,NA,NA,Berberis darwinii,Magnoliopsida,Berberidaceae,Berberis,darwinii,NA,species,NA,native,shrub,NA,NA,NA,Bombus dahlbomii,Insecta,Hymenoptera,Apidae,NA,Bombus,dahlbomii,species,NA,NA,pollinated by,http://purl.obolibrary.org/obo/RO_0002456,NA,focal observations,20,minute
64,Giselle Muschett,1999-10/2002-02,2005,"Smith-Ramirez et al. 2005. Diversity, flower visitation frequency and generalism of pollinators in temperate rain forests of Chiloe Island, Chile. Botanical Journal of the Linnean Society, 147, 399–416. doi: 10.1111/j.1095-8339.2005.00388.x",Chile,Los Lagos,NA,"Chiloe Island, X Region",-42,-73.58333333,NA,NA,"42°S, 73° 35' W",30,30,30,NA,NA,Amomyrtus luma,Magnoliopsida,Myrtaceae,Amomyrtus,luma,NA,species,NA,native,tree,NA,NA,NA,Bombus dahlbomii,Insecta,Hymenoptera,Apidae,NA,Bombus,dahlbomii,species,NA,NA,pollinated by,http://purl.obolibrary.org/obo/RO_0002456,NA,focal observations,20,minute
64,Giselle Muschett,1999-10/2002-02,2005,"Smith-Ramirez et al. 2005. Diversity, flower visitation frequency and generalism of pollinators in temperate rain forests of Chiloe Island, Chile. Botanical Journal of the Linnean Society, 147, 399–416. doi: 10.1111/j.1095-8339.2005.00388.x",Chile,Los Lagos,NA,"Chiloe Island, X Region",-42,-73.58333333,NA,NA,"42°S, 73° 35' W",30,30,30,NA,NA,Luma apiculata,Magnoliopsida,Myrtaceae,Luma,apiculata,NA,species,NA,native,tree,NA,NA,NA,Bombus dahlbomii,Insecta,Hymenoptera,Apidae,NA,Bombus,dahlbomii,species,NA,NA,pollinated by,http://purl.obolibrary.org/obo/RO_0002456,NA,focal observations,20,minute
64,Giselle Muschett,1999-10/2002-02,2005,"Smith-Ramirez et al. 2005. Diversity, flower visitation frequency and generalism of pollinators in temperate rain forests of Chiloe Island, Chile. Botanical Journal of the Linnean Society, 147, 399–416. doi: 10.1111/j.1095-8339.2005.00388.x",Chile,Los Lagos,NA,"Chiloe Island, X Region",-42,-73.58333333,NA,NA,"42°S, 73° 35' W",30,30,30,NA,NA,Caldcluvia paniculata,Magnoliopsida,Cunoniaceae,Caldcluvia,paniculata,NA,species,NA,native,tree,NA,NA,NA,Bombus dahlbomii,Insecta,Hymenoptera,Apidae,NA,Bombus,dahlbomii,species,NA,NA,pollinated by,http://purl.obolibrary.org/obo/RO_0002456,NA,focal observations,20,minute
64,Giselle Muschett,1999-10/2002-02,2005,"Smith-Ramirez et al. 2005. Diversity, flower visitation frequency and generalism of pollinators in temperate rain forests of Chiloe Island, Chile. Botanical Journal of the Linnean Society, 147, 399–416. doi: 10.1111/j.1095-8339.2005.00388.x",Chile,Los Lagos,NA,"Chiloe Island, X Region",-42,-73.58333333,NA,NA,"42°S, 73° 35' W",30,30,30,NA,NA,Myrceugenia planipes,Magnoliopsida,Myrtaceae,Myrceugenia,planipes,NA,species,NA,native,shrub,NA,NA,NA,Bombus dahlbomii,Insecta,Hymenoptera,Apidae,NA,Bombus,dahlbomii,species,NA,NA,pollinated by,http://purl.obolibrary.org/obo/RO_0002456,NA,focal observations,20,minute
64,Giselle Muschett,1999-10/2002-02,2005,"Smith-Ramirez et al. 2005. Diversity, flower visitation frequency and generalism of pollinators in temperate rain forests of Chiloe Island, Chile. Botanical Journal of the Linnean Society, 147, 399–416. doi: 10.1111/j.1095-8339.2005.00388.x",Chile,Los Lagos,NA,"Chiloe Island, X Region",-42,-73.58333333,NA,NA,"42°S, 73° 35' W",30,30,30,NA,NA,Amomyrtus meli,Magnoliopsida,Myrtaceae,Amomyrtus,meli,NA,species,NA,native,tree,NA,NA,NA,Bombus dahlbomii,Insecta,Hymenoptera,Apidae,NA,Bombus,dahlbomii,species,NA,NA,pollinated by,http://purl.obolibrary.org/obo/RO_0002456,NA,focal observations,20,minute
64,Giselle Muschett,1999-10/2002-02,2005,"Smith-Ramirez et al. 2005. Diversity, flower visitation frequency and generalism of pollinators in temperate rain forests of Chiloe Island, Chile. Botanical Journal of the Linnean Society, 147, 399–416. doi: 10.1111/j.1095-8339.2005.00388.x",Chile,Los Lagos,NA,"Chiloe Island, X Region",-42,-73.58333333,NA,NA,"42°S, 73° 35' W",30,30,30,NA,NA,Eucryphia cordifolia,Magnoliopsida,Cunoniaceae,Eucryphia,cordifolia,NA,species,NA,native,tree,NA,NA,NA,Bombus dahlbomii,Insecta,Hymenoptera,Apidae,NA,Bombus,dahlbomii,species,NA,NA,pollinated by,http://purl.obolibrary.org/obo/RO_0002456,NA,focal observations,20,minute
64,Giselle Muschett,1999-10/2002-02,2005,"Smith-Ramirez et al. 2005. Diversity, flower visitation frequency and generalism of pollinators in temperate rain forests of Chiloe Island, Chile. Botanical Journal of the Linnean Society, 147, 399–416. doi: 10.1111/j.1095-8339.2005.00388.x",Chile,Los Lagos,NA,"Chiloe Island, X Region",-42,-73.58333333,NA,NA,"42°S, 73° 35' W",30,30,30,NA,NA,Tepualia stipularis,Magnoliopsida,Myrtaceae,Tepualia,stipularis,NA,species,NA,native,shrub,NA,NA,NA,Bombus dahlbomii,Insecta,Hymenoptera,Apidae,NA,Bombus,dahlbomii,species,NA,NA,pollinated by,http://purl.obolibrary.org/obo/RO_0002456,NA,focal observations,20,minute
64,Giselle Muschett,1999-10/2002-02,2005,"Smith-Ramirez et al. 2005. Diversity, flower visitation frequency and generalism of pollinators in temperate rain forests of Chiloe Island, Chile. Botanical Journal of the Linnean Society, 147, 399–416. doi: 10.1111/j.1095-8339.2005.00388.x",Chile,Los Lagos,NA,"Chiloe Island, X Region",-42,-73.58333333,NA,NA,"42°S, 73° 35' W",30,30,30,NA,NA,Myrceugenia ovata,Magnoliopsida,Myrtaceae,Myrceugenia,ovata,NA,species,NA,native,tree,NA,NA,NA,Bombus dahlbomii,Insecta,Hymenoptera,Apidae,NA,Bombus,dahlbomii,species,NA,NA,pollinated by,http://purl.obolibrary.org/obo/RO_0002456,NA,focal observations,20,minute
65,Giselle Muschett,2001/2010,2014,"Smith-Ramirez et al. 2014. Decadal trends in the pollinator assemblage of Eucryphia cordifolia in Chilean rainforests. Oecologia , 176, 157–169. doi: 10.1007/s00442-014-3000-0",Chile,Los Lagos,NA,"Chiloe Island, X Region",-42,-73.58333333,NA,NA,"42°S, 73°35′W",NA,NA,NA,NA,NA,Eucryphia cordifolia,Magnoliopsida,Cunoniaceae,Eucryphia,cordifolia,NA,species,NA,native,NA,NA,NA,NA,Bombus dahlbomii,Insecta,Hymenoptera,Apidae,NA,Bombus,dahlbomii,species,NA,native,pollinated by,http://purl.obolibrary.org/obo/RO_0002456,NA,focal observations,20,minute
68,Giselle Muschett,2004-01/2004-04,2006,"Valdivia & Niemeyer. 2006. Do floral syndromes predict specialisation in plant pollination systems? Assessment of diurnal and nocturnal pollination of Escallonia myrtoidea. New Zealand Journal of Botany, 44, 135-141. doi: 10.1080/0028825X.2006.9513014",Chile,Metropolitana de Santiago,NA,Yerba Loca Natural Sanctuary,-33.02,-70.21666667,NA,NA,"33°10 -33°22 S, 70°13 -70°24 W",NA,NA,NA,NA,NA,Escallonia myrtoidea,Magnoliopsida,Escalloniaceae,Escallonia,myrtoidea,NA,species,NA,native,tree,self incompatible,NA,NA,Bombus dahlbomii,Insecta,Hymenoptera,Apidae,NA,Bombus,dahlbomii,species,NA,NA,has flowers visited by,http://purl.obolibrary.org/obo/RO_0002623,NA,NA,NA,NA
71,Giselle Muschett,2011-10-13/2011-11-05,2016,"Vieli et al. 2016. Landscape effects on wild Bombus terrestris (Hymenoptera: Apidae) queens visiting highshrub blueberry fields in southcentral Chile. Apidologie , 47, 711–716. doi: 10.1007/s13592-015-0422-6",Chile,Araucania,NA,"La Araucania, IX Region",NA,NA,NA,NA,NA,NA,NA,NA,NA,NA,Vaccinium corymbosum,Magnoliopsida,Ericaceae,Vaccinium,corymbosum,NA,species,NA,cultivated,shrub,NA,NA,NA,Bombus dahlbomii,Insecta,Hymenoptera,Apidae,NA,Bombus,dahlbomii,species,NA,native,pollinated by,http://purl.obolibrary.org/obo/RO_0002456,nectar,focal observations,5,minute
74,Giselle Muschett,1980-10/1981-03,1982,"Arroyo et al. 1982. Community studies in pollination ecology in the high temperate Andes of central Chile. I. Pollination mechanism and altitudinal variation. American Journal of Botany, 69(1), 82-97.",Chile,Metropolitana de Santiago,NA,Cordón del Cepo ,-33.28,-70.26666667,NA,NA,"33°17' S, 70°16' W",2200,3600,2200-3631,NA,NA,Cerastium arvense,Magnoliopsida,Caryophyllaceae,Cerastium,arvense,NA,species,NA,NA,NA,NA,NA,NA,Bombus dahlbomii,Insecta,Hymenoptera,Apidae,NA,Bombus,dahlbomii,species,NA,NA,pollinated by,http://purl.obolibrary.org/obo/RO_0002456,NA,NA,NA,NA
74,Giselle Muschett,1980-10/1981-03,1982,"Arroyo et al. 1982. Community studies in pollination ecology in the high temperate Andes of central Chile. I. Pollination mechanism and altitudinal variation. American Journal of Botany, 69(1), 82-97.",Chile,Metropolitana de Santiago,NA,Cordón del Cepo ,-33.28,-70.26666667,NA,NA,"33°17' S, 70°16' W",2200,3600,2200-3660,NA,NA,Chuquiraga oppositifolia,Magnoliopsida,Compositae,Chuquiraga,oppositifolia,NA,species,NA,NA,NA,NA,NA,NA,Bombus dahlbomii,Insecta,Hymenoptera,Apidae,NA,Bombus,dahlbomii,species,NA,NA,pollinated by,http://purl.obolibrary.org/obo/RO_0002456,NA,NA,NA,NA
74,Giselle Muschett,1980-10/1981-03,1982,"Arroyo et al. 1982. Community studies in pollination ecology in the high temperate Andes of central Chile. I. Pollination mechanism and altitudinal variation. American Journal of Botany, 69(1), 82-97.",Chile,Metropolitana de Santiago,NA,Cordón del Cepo ,-33.28,-70.26666667,NA,NA,"33°17' S, 70°16' W",2200,3600,2200-3697,NA,NA,Mutisia sinuata,Magnoliopsida,Compositae,Mutisia,sinuata,NA,species,NA,NA,NA,NA,NA,NA,Bombus dahlbomii,Insecta,Hymenoptera,Apidae,NA,Bombus,dahlbomii,species,NA,NA,pollinated by,http://purl.obolibrary.org/obo/RO_0002456,NA,NA,NA,NA
74,Giselle Muschett,1980-10/1981-03,1982,"Arroyo et al. 1982. Community studies in pollination ecology in the high temperate Andes of central Chile. I. Pollination mechanism and altitudinal variation. American Journal of Botany, 69(1), 82-97.",Chile,Metropolitana de Santiago,NA,Cordón del Cepo ,-33.28,-70.26666667,NA,NA,"33°17' S, 70°16' W",2200,3600,2200-3721,NA,NA,Nassauvia pyramidalis,Magnoliopsida,Compositae,Nassauvia,pyramidalis,NA,species,Nassauvia pungens,NA,NA,NA,NA,NA,Bombus dahlbomii,Insecta,Hymenoptera,Apidae,NA,Bombus,dahlbomii,species,NA,NA,pollinated by,http://purl.obolibrary.org/obo/RO_0002456,NA,NA,NA,NA
74,Giselle Muschett,1980-10/1981-03,1982,"Arroyo et al. 1982. Community studies in pollination ecology in the high temperate Andes of central Chile. I. Pollination mechanism and altitudinal variation. American Journal of Botany, 69(1), 82-97.",Chile,Metropolitana de Santiago,NA,Cordón del Cepo ,-33.28,-70.26666667,NA,NA,"33°17' S, 70°16' W",2200,3600,2200-3732,NA,NA,Senecio bustillosianus,Magnoliopsida,Compositae,Senecio,bustillosianus,NA,species,NA,NA,NA,NA,NA,NA,Bombus dahlbomii,Insecta,Hymenoptera,Apidae,NA,Bombus,dahlbomii,species,NA,NA,pollinated by,http://purl.obolibrary.org/obo/RO_0002456,NA,NA,NA,NA
74,Giselle Muschett,1980-10/1981-03,1982,"Arroyo et al. 1982. Community studies in pollination ecology in the high temperate Andes of central Chile. I. Pollination mechanism and altitudinal variation. American Journal of Botany, 69(1), 82-97.",Chile,Metropolitana de Santiago,NA,Cordón del Cepo ,-33.28,-70.26666667,NA,NA,"33°17' S, 70°16' W",2200,3600,2200-3749,NA,NA,Senecio bustillosianus,Magnoliopsida,Compositae,Senecio,bustillosianus,NA,species,NA,NA,NA,NA,NA,NA,Bombus dahlbomii,Insecta,Hymenoptera,Apidae,NA,Bombus,dahlbomii,species,NA,NA,pollinated by,http://purl.obolibrary.org/obo/RO_0002456,NA,NA,NA,NA
74,Giselle Muschett,1980-10/1981-03,1982,"Arroyo et al. 1982. Community studies in pollination ecology in the high temperate Andes of central Chile. I. Pollination mechanism and altitudinal variation. American Journal of Botany, 69(1), 82-97.",Chile,Metropolitana de Santiago,NA,Cordón del Cepo ,-33.28,-70.26666667,NA,NA,"33°17' S, 70°16' W",2200,3600,2200-3754,NA,NA,Senecio erucaeformis,Magnoliopsida,Compositae,Senecio,erucaeformis,NA,species,NA,NA,NA,NA,NA,NA,Bombus dahlbomii,Insecta,Hymenoptera,Apidae,NA,Bombus,dahlbomii,species,NA,native,pollinated by,http://purl.obolibrary.org/obo/RO_0002456,NA,NA,NA,NA
74,Giselle Muschett,1980-10/1981-03,1982,"Arroyo et al. 1982. Community studies in pollination ecology in the high temperate Andes of central Chile. I. Pollination mechanism and altitudinal variation. American Journal of Botany, 69(1), 82-97.",Chile,Metropolitana de Santiago,NA,Cordón del Cepo ,-33.28,-70.26666667,NA,NA,"33°17' S, 70°16' W",2200,3600,2200-3783,NA,NA,Senecio ,Magnoliopsida,Compositae,Senecio,NA,NA,genus,NA,NA,NA,NA,NA,NA,Bombus dahlbomii,Insecta,Hymenoptera,Apidae,NA,Bombus,dahlbomii,species,NA,NA,pollinated by,http://purl.obolibrary.org/obo/RO_0002456,NA,NA,NA,NA
74,Giselle Muschett,1980-10/1981-03,1982,"Arroyo et al. 1982. Community studies in pollination ecology in the high temperate Andes of central Chile. I. Pollination mechanism and altitudinal variation. American Journal of Botany, 69(1), 82-97.",Chile,Metropolitana de Santiago,NA,Cordón del Cepo ,-33.28,-70.26666667,NA,NA,"33°17' S, 70°16' W",2200,3600,2200-3816,NA,NA,Phacelia secunda,Magnoliopsida,Hydrophyllaceae,Phacelia,secunda,NA,species,NA,NA,NA,NA,NA,NA,Bombus dahlbomii,Insecta,Hymenoptera,Apidae,NA,Bombus,dahlbomii,species,NA,NA,pollinated by,http://purl.obolibrary.org/obo/RO_0002456,NA,NA,NA,NA
74,Giselle Muschett,1980-10/1981-03,1982,"Arroyo et al. 1982. Community studies in pollination ecology in the high temperate Andes of central Chile. I. Pollination mechanism and altitudinal variation. American Journal of Botany, 69(1), 82-97.",Chile,Metropolitana de Santiago,NA,Cordón del Cepo ,-33.28,-70.26666667,NA,NA,"33°17' S, 70°16' W",2200,3600,2200-3851,NA,NA,Stachys albicaulis,Magnoliopsida,Lamiaceae,Stachys,albicaulis,NA,species,Family Labiatae,NA,NA,NA,NA,NA,Bombus dahlbomii,Insecta,Hymenoptera,Apidae,NA,Bombus,dahlbomii,species,NA,NA,pollinated by,http://purl.obolibrary.org/obo/RO_0002456,NA,NA,NA,NA
74,Giselle Muschett,1980-10/1981-03,1982,"Arroyo et al. 1982. Community studies in pollination ecology in the high temperate Andes of central Chile. I. Pollination mechanism and altitudinal variation. American Journal of Botany, 69(1), 82-97.",Chile,Metropolitana de Santiago,NA,Cordón del Cepo ,-33.28,-70.26666667,NA,NA,"33°17' S, 70°16' W",2200,3600,2200-3929,NA,NA,Caiophora coronata,Magnoliopsida,Loasaceae,Caiophora,coronata,NA,species,NA,NA,NA,NA,NA,NA,Bombus dahlbomii,Insecta,Hymenoptera,Megachilidae,NA,Bombus,dahlbomii,species,NA,NA,pollinated by,http://purl.obolibrary.org/obo/RO_0002456,NA,NA,NA,NA
74,Giselle Muschett,1980-10/1981-03,1982,"Arroyo et al. 1982. Community studies in pollination ecology in the high temperate Andes of central Chile. I. Pollination mechanism and altitudinal variation. American Journal of Botany, 69(1), 82-97.",Chile,Metropolitana de Santiago,NA,Cordón del Cepo ,-33.28,-70.26666667,NA,NA,"33°17' S, 70°16' W",2200,3600,2200-3932,NA,NA,Loasa caespitosa,Magnoliopsida,Loasaceae,Loasa,caespitosa,NA,species,NA,NA,NA,NA,NA,NA,Bombus dahlbomii,Insecta,Hymenoptera,Megachilidae,NA,Bombus,dahlbomii,species,NA,NA,pollinated by,http://purl.obolibrary.org/obo/RO_0002456,NA,NA,NA,NA
74,Giselle Muschett,1980-10/1981-03,1982,"Arroyo et al. 1982. Community studies in pollination ecology in the high temperate Andes of central Chile. I. Pollination mechanism and altitudinal variation. American Journal of Botany, 69(1), 82-97.",Chile,Metropolitana de Santiago,NA,Cordón del Cepo ,-33.28,-70.26666667,NA,NA,"33°17' S, 70°16' W",2200,3600,2200-3936,NA,NA,Loasa heterophylla,Magnoliopsida,Loasaceae,Loasa,heterophylla,NA,species,NA,NA,NA,NA,NA,NA,Bombus dahlbomii,Insecta,Hymenoptera,Megachilidae,NA,Bombus,dahlbomii,species,NA,NA,pollinated by,http://purl.obolibrary.org/obo/RO_0002456,NA,NA,NA,NA
74,Giselle Muschett,1980-10/1981-03,1982,"Arroyo et al. 1982. Community studies in pollination ecology in the high temperate Andes of central Chile. I. Pollination mechanism and altitudinal variation. American Journal of Botany, 69(1), 82-97.",Chile,Metropolitana de Santiago,NA,Cordón del Cepo ,-33.28,-70.26666667,NA,NA,"33°17' S, 70°16' W",2200,3600,2200-3953,NA,affin. compacta,Oxalis ,Magnoliopsida,Oxalidaceae,Oxalis,compacta,NA,genus,NA,NA,NA,NA,NA,NA,Bombus dahlbomii,Insecta,Hymenoptera,Apidae,NA,Bombus,dahlbomii,species,NA,NA,pollinated by,http://purl.obolibrary.org/obo/RO_0002456,NA,NA,NA,NA
81,Giselle Muschett,2003-02,2005,"Carvallo & Medel. 2005. The modular structure of the floral phenotype in Mimulus luteus var. luteus (Phrymaceae). Revista Chilena de Historia Natural, 78(4), 665-672. doi: 10.4067/S0716-078X2005000400006",Chile,Metropolitana de Santiago,NA,El Yeso ,-33.62,-70.01666667,NA,NA,"33°37’ S, 70°01’ W",NA,NA,NA,NA,var. luteus,Mimulus luteus,Magnoliopsida,Phrymaceae,Mimulus,luteus,luteus,varietas,NA,native,herb,NA,NA,NA,Bombus dahlbomii,Insecta,Hymenoptera,Apidae,NA,Bombus,dahlbomii,species,Hymenopteridae,native,pollinated by,http://purl.obolibrary.org/obo/RO_0002456,NA,NA,NA,NA
83,Giselle Muschett,2007-01-05/2007-02-12,2013,"Carvallo et al. 2013. Assessing the effects of native plants on the pollination of an exotic herb, the blueweed Echium vulgare. Arthropod-Plant Interactions, 7(5), 475-484. doi: 10.1007/s11829-013-9265-0",Chile,Bio Bio,NA,"Termas de Chillan, VIII Region",-36.91,-71.41277778,NA,NA,"36°54'34'' S, 71°24'46'' W",1834,1834,1834,NA,NA,Echium vulgare,Magnoliopsida,Boraginaceae,Echium,vulgare,NA,species,NA,introduced,herb,self compatible,NA,NA,Bombus dahlbomii,Insecta,Hymenoptera,Apidae,NA,Bombus,dahlbomii,species,NA,NA,has flowers visited by,http://purl.obolibrary.org/obo/RO_0002623,NA,focal observations,15,minute
83,Giselle Muschett,2007-01-05/2007-02-12,2013,"Carvallo et al. 2013. Assessing the effects of native plants on the pollination of an exotic herb, the blueweed Echium vulgare. Arthropod-Plant Interactions, 7(5), 475-484. doi: 10.1007/s11829-013-9265-0",Chile,Bio Bio,NA,"Termas de Chillan, VIII Region",-36.91,-71.41277778,NA,NA,"36°54'34'' S, 71°24'46'' W",1834,1834,1834,NA,NA,Schizanthus hookeri,Magnoliopsida,Solanaceae,Schizanthus,hookeri,NA,species,NA,native,herb,self compatible,NA,NA,Bombus dahlbomii,Insecta,Hymenoptera,Apidae,NA,Bombus,dahlbomii,species,NA,NA,has flowers visited by,http://purl.obolibrary.org/obo/RO_0002623,NA,focal observations,15,minute
83,Giselle Muschett,2007-01-05/2007-02-12,2013,"Carvallo et al. 2013. Assessing the effects of native plants on the pollination of an exotic herb, the blueweed Echium vulgare. Arthropod-Plant Interactions, 7(5), 475-484. doi: 10.1007/s11829-013-9265-0",Chile,Bio Bio,NA,"Termas de Chillan, VIII Region",-36.91,-71.41277778,NA,NA,"36°54'34'' S, 71°24'46'' W",1834,1834,1834,NA,NA,Stachys albicaulis,Magnoliopsida,Boraginaceae,Stachys,albicaulis,NA,species,NA,native,herb,self compatible,NA,NA,Bombus dahlbomii,Insecta,Hymenoptera,Apidae,NA,Bombus,dahlbomii,species,NA,NA,has flowers visited by,http://purl.obolibrary.org/obo/RO_0002623,NA,focal observations,15,minute
85,Giselle Muschett,2005-01/2005-03,2007,"Celedón-Neghme et al. 2007. Cost and benefits of attractive floral traits in the annual species Madia sativa (Asteraceae). Evolutionary Ecology, 21(2), 247-257. doi: 10.1007/s10682-006-9002-6",Chile,Metropolitana de Santiago,NA,Andes of Central Chile,-33.35,-70.28,NA,NA,33°21' S 70°17' W,2400,2400,2400,NA,NA,Madia sativa,Magnoliopsida,Asteraceae,Madia,sativa,NA,species,NA,native,herb,self compatible,NA,NA,Bombus dahlbomii,Insecta,Hymenoptera,Apidae,NA,Bombus,dahlbomii,species,NA,native,pollinated by,http://purl.obolibrary.org/obo/RO_0002456,NA,focal observations,4,hour
86,Giselle Muschett,2005-01/2005-02,2008,"Cooley et al. 2008. Is floral diversification associated with pollinator divergence? flower shape, flower colour and pollinator preference in Chilean Mimulus. Annals of Botany, 101(5), 641-650. doi: 10.1093/aob/mcn014",Chile,Metropolitana de Santiago,NA,San Jose Volcano,-33.755,-69.919,NA,NA,NA,NA,NA,NA,4,var. luteus,Mimulus luteus,Magnoliopsida,Phrymaceae,Mimulus,luteus,luteus,varietas,NA,native,herb,NA,NA,NA,Bombus dahlbomii,Insecta,Hymenoptera,Apidae,NA,Bombus,dahlbomii,species,NA,native,pollinated by,http://purl.obolibrary.org/obo/RO_0002456,NA,focal observations,30,minute
86,Giselle Muschett,2005-01/2005-02,2008,"Cooley et al. 2008. Is floral diversification associated with pollinator divergence? flower shape, flower colour and pollinator preference in Chilean Mimulus. Annals of Botany, 101(5), 641-650. doi: 10.1093/aob/mcn014",Chile,O'Higgins,NA,Rio Pangal,-34.239,-70.421,NA,NA,NA,NA,NA,NA,NA,var. luteus,Mimulus luteus,Magnoliopsida,Phrymaceae,Mimulus,luteus,luteus,varietas,NA,native,herb,NA,NA,NA,Bombus dahlbomii,Insecta,Hymenoptera,Apidae,NA,Bombus,dahlbomii,species,NA,native,pollinated by,http://purl.obolibrary.org/obo/RO_0002456,NA,focal observations,30,minute
86,Giselle Muschett,2005-01/2005-02,2008,"Cooley et al. 2008. Is floral diversification associated with pollinator divergence? flower shape, flower colour and pollinator preference in Chilean Mimulus. Annals of Botany, 101(5), 641-650. doi: 10.1093/aob/mcn014",Chile,O'Higgins,NA,Rio Tinguiririca,-34.436,-71.384,NA,NA,NA,NA,NA,NA,NA,var. luteus,Mimulus luteus,Magnoliopsida,Phrymaceae,Mimulus,luteus,luteus,varietas,NA,native,herb,NA,NA,NA,Bombus dahlbomii,Insecta,Hymenoptera,Apidae,NA,Bombus,dahlbomii,species,NA,native,pollinated by,http://purl.obolibrary.org/obo/RO_0002456,NA,focal observations,30,minute
86,Giselle Muschett,2005-01/2005-02,2008,"Cooley et al. 2008. Is floral diversification associated with pollinator divergence? flower shape, flower colour and pollinator preference in Chilean Mimulus. Annals of Botany, 101(5), 641-650. doi: 10.1093/aob/mcn014",Chile,O'Higgins,NA,Rio Tinguiririca,-34.436,-71.384,NA,NA,NA,NA,NA,NA,NA,NA,Erythranthe naiandina,Magnoliopsida,Phrymaceae,Erythranthe,naiandina,NA,species,Mimulus naiandinus,native,herb,NA,NA,NA,Bombus dahlbomii,Insecta,Hymenoptera,Apidae,NA,Bombus,dahlbomii,species,NA,native,pollinated by,http://purl.obolibrary.org/obo/RO_0002456,NA,focal observations,30,minute
86,Giselle Muschett,2005-01/2005-02,2008,"Cooley et al. 2008. Is floral diversification associated with pollinator divergence? flower shape, flower colour and pollinator preference in Chilean Mimulus. Annals of Botany, 101(5), 641-650. doi: 10.1093/aob/mcn014",Chile,O'Higgins,NA,Rio Tinguiririca,-34.436,-71.384,NA,NA,NA,NA,NA,NA,NA,NA,Mimulus cupreus,Magnoliopsida,Phrymaceae,Mimulus,cupreus,NA,species,NA,native,herb,NA,NA,NA,Bombus dahlbomii,Insecta,Hymenoptera,Apidae,NA,Bombus,dahlbomii,species,NA,native,pollinated by,http://purl.obolibrary.org/obo/RO_0002456,NA,focal observations,30,minute
86,Giselle Muschett,2005-01/2005-02,2008,"Cooley et al. 2008. Is floral diversification associated with pollinator divergence? flower shape, flower colour and pollinator preference in Chilean Mimulus. Annals of Botany, 101(5), 641-650. doi: 10.1093/aob/mcn014",Chile,Maule,NA,Laguna del Maule,-36.025,-70.499,NA,NA,NA,NA,NA,NA,NA,var. luteus,Mimulus luteus,Magnoliopsida,Phrymaceae,Mimulus,luteus,luteus,varietas,NA,native,herb,NA,NA,NA,Bombus dahlbomii,Insecta,Hymenoptera,Apidae,NA,Bombus,dahlbomii,species,NA,native,pollinated by,http://purl.obolibrary.org/obo/RO_0002456,NA,focal observations,30,minute
86,Giselle Muschett,2005-01/2005-02,2008,"Cooley et al. 2008. Is floral diversification associated with pollinator divergence? flower shape, flower colour and pollinator preference in Chilean Mimulus. Annals of Botany, 101(5), 641-650. doi: 10.1093/aob/mcn014",Chile,Maule,NA,Laguna del Maule,-36.025,-70.499,NA,NA,NA,NA,NA,NA,NA,NA,Mimulus cupreus,Magnoliopsida,Phrymaceae,Mimulus,cupreus,NA,species,NA,native,herb,NA,NA,NA,Bombus dahlbomii,Insecta,Hymenoptera,Apidae,NA,Bombus,dahlbomii,species,NA,native,pollinated by,http://purl.obolibrary.org/obo/RO_0002456,NA,focal observations,30,minute
86,Giselle Muschett,2005-01/2005-02,2008,"Cooley et al. 2008. Is floral diversification associated with pollinator divergence? flower shape, flower colour and pollinator preference in Chilean Mimulus. Annals of Botany, 101(5), 641-650. doi: 10.1093/aob/mcn014",Chile,Ñuble,NA,Termas de Chillan,-36.893,-71.505,NA,NA,NA,NA,NA,NA,NA,var. luteus,Mimulus luteus,Magnoliopsida,Phrymaceae,Mimulus,luteus,luteus,varietas,NA,native,herb,NA,NA,NA,Bombus dahlbomii,Insecta,Hymenoptera,Apidae,NA,Bombus,dahlbomii,species,NA,native,pollinated by,http://purl.obolibrary.org/obo/RO_0002456,NA,focal observations,30,minute
86,Giselle Muschett,2005-01/2005-02,2008,"Cooley et al. 2008. Is floral diversification associated with pollinator divergence? flower shape, flower colour and pollinator preference in Chilean Mimulus. Annals of Botany, 101(5), 641-650. doi: 10.1093/aob/mcn014",Chile,Ñuble,NA,Termas de Chillan,-36.893,-71.505,NA,NA,NA,NA,NA,NA,NA,NA,Mimulus cupreus,Magnoliopsida,Phrymaceae,Mimulus,cupreus,NA,species,NA,native,herb,NA,NA,NA,Bombus dahlbomii,Insecta,Hymenoptera,Apidae,NA,Bombus,dahlbomii,species,NA,native,pollinated by,http://purl.obolibrary.org/obo/RO_0002456,NA,focal observations,30,minute
86,Giselle Muschett,2005-01/2005-02,2008,"Cooley et al. 2008. Is floral diversification associated with pollinator divergence? flower shape, flower colour and pollinator preference in Chilean Mimulus. Annals of Botany, 101(5), 641-650. doi: 10.1093/aob/mcn014",Chile,Bio Bio,NA,Laguna del Laja,-37.387,-71.367,NA,NA,NA,NA,NA,NA,NA,NA,Mimulus cupreus,Magnoliopsida,Phrymaceae,Mimulus,cupreus,NA,species,NA,native,herb,NA,NA,NA,Bombus dahlbomii,Insecta,Hymenoptera,Apidae,NA,Bombus,dahlbomii,species,NA,native,pollinated by,http://purl.obolibrary.org/obo/RO_0002456,NA,focal observations,30,minute
86,Giselle Muschett,2005-01/2005-02,2008,"Cooley et al. 2008. Is floral diversification associated with pollinator divergence? flower shape, flower colour and pollinator preference in Chilean Mimulus. Annals of Botany, 101(5), 641-650. doi: 10.1093/aob/mcn014",Chile,Bio Bio,NA,Laguna del Laja,-37.387,-71.367,NA,NA,NA,NA,NA,NA,NA,var. luteus,Mimulus luteus,Magnoliopsida,Phrymaceae,Mimulus,luteus,luteus,varietas,NA,native,herb,NA,NA,NA,Bombus dahlbomii,Insecta,Hymenoptera,Apidae,NA,Bombus,dahlbomii,species,NA,native,pollinated by,http://purl.obolibrary.org/obo/RO_0002456,NA,focal observations,30,minute
88,Giselle Muschett,2007-10/2008-01,2012,"Espinoza et al. 2012. Reproductive consequences of flower damage in  two contrasting habitats:The case of Viola portalesia (Violaceae) in Chile. Revista Chilena de Historia Natural, 85(4), 503-511. doi: 10.4067/S0716-078X2012000400012",Chile,Maule,NA,"Los Ruiles National Reserve, VII Region",-36.42,-72.76666667,NA,NA,"35°85' S, 72°46' W",NA,NA,NA,1,NA,Viola portalesia,Magnoliopsida,Violaceae,Viola,portalesia,NA,species,NA,native,herb,self compatible,34,NA,Bombus dahlbomii,Insecta,Hymenoptera,Apidae,NA,Bombus,dahlbomii,species,NA,native,pollinated by,http://purl.obolibrary.org/obo/RO_0002456,NA,focal observations,NA,NA
88,Giselle Muschett,2007-10/2008-01,2012,"Espinoza et al. 2012. Reproductive consequences of flower damage in  two contrasting habitats:The case of Viola portalesia (Violaceae) in Chile. Revista Chilena de Historia Natural, 85(4), 503-511. doi: 10.4067/S0716-078X2012000400012",Chile,Maule,NA,"Pine tree Plantation, VII Region",-36.42,-72.76666667,NA,NA,"35°85' S, 72°46' W",NA,NA,NA,NA,NA,Viola portalesia,Magnoliopsida,Violaceae,Viola,portalesia,NA,species,NA,NA,herb,self compatible,NA,NA,Bombus dahlbomii,Insecta,Hymenoptera,Apidae,NA,Bombus,dahlbomii,species,NA,NA,pollinated by,http://purl.obolibrary.org/obo/RO_0002456,NA,NA,NA,NA
89,Giselle Muschett,2010-02/2012-01,2013,"Esterio et al. 2013. Assessing the impact of the invasive buff-tailed bumblebee (Bombus terrestris) on the pollination of the native Chilean herb Mimulus luteus. Arthropod-Plant Interactions, 7(4), 467-474. doi: 10.1007/s11829-013-9264-1",Chile,Valparaiso,NA,"Juncal, V Region",-32.85,-70.13333333,NA,NA,"32°51' S, 70°08' W",2398,2398,2398,NA,NA,Mimulus luteus,Magnoliopsida,Phrymaceae,Mimulus,luteus,NA,species,NA,native,herb,self incompatible,NA,NA,Bombus dahlbomii,Insecta,Hymenoptera,Apidae,NA,Bombus,dahlbomii,species,NA,native,pollinated by,http://purl.obolibrary.org/obo/RO_0002456,NA,focal observations,30,minute
94,Giselle Muschett,2003-10/2003-12,2008,"Humaña et al. 2008. Breeding system and pollination of selected orchids of the genus Chloraea (Orchidaceae) from central Chile. Flora, 203(6), 469-473. doi: 10.1016/j.flora.2007.08.004",Chile,Metropolitana de Santiago,NA,Rio Clarillo National Reserve,-33.85,-70.48333333,NA,NA,"33°S (33°51'S, 70°29'W*)",NA,NA,NA,NA,NA,Chloraea bletioides,Magnoliopsida,Orchidaceae,Chloraea,bletioides,NA,species,NA,native,herb,self incompatible,NA,NA,Bombus dahlbomii,Insecta,Hymenoptera,Apidae,NA,Bombus,dahlbomii,species,NA,native,has flowers visited by,http://purl.obolibrary.org/obo/RO_0002623,NA,focal observations,NA,NA
94,Giselle Muschett,2003-10/2003-12,2008,"Humaña et al. 2008. Breeding system and pollination of selected orchids of the genus Chloraea (Orchidaceae) from central Chile. Flora, 203(6), 469-473. doi: 10.1016/j.flora.2007.08.004",Chile,Metropolitana de Santiago,NA,Robleria del Cobre de Loncha National Reserve,-34.08,-70.9,NA,NA,"34°S (34°05'S, 70°54'W*)",NA,NA,NA,NA,NA,Chloraea bletioides,Magnoliopsida,Orchidaceae,Chloraea,bletioides,NA,species,NA,native,herb,self incompatible,NA,NA,Bombus dahlbomii,Insecta,Hymenoptera,Apidae,NA,Bombus,dahlbomii,species,NA,native,has flowers visited by,http://purl.obolibrary.org/obo/RO_0002623,NA,focal observations,NA,NA
94,Giselle Muschett,2003-10/2003-12,2008,"Humaña et al. 2008. Breeding system and pollination of selected orchids of the genus Chloraea (Orchidaceae) from central Chile. Flora, 203(6), 469-473. doi: 10.1016/j.flora.2007.08.004",Chile,Metropolitana de Santiago,NA,Robleria del Cobre de Loncha National Reserve,-34.08,-70.9,NA,NA,"34°S (34°05'S, 70°54'W*)",NA,NA,NA,NA,NA,Chloraea crispa,Magnoliopsida,Orchidaceae,Chloraea,crispa,NA,species,NA,native,herb,self incompatible,NA,NA,Bombus dahlbomii,Insecta,Hymenoptera,Apidae,NA,Bombus,dahlbomii,species,NA,native,has flowers visited by,http://purl.obolibrary.org/obo/RO_0002623,NA,focal observations,NA,NA
98,Giselle Muschett,2000-04/2001-02,2005,"Medan & Montaldo. 2005. Ornithophily in the Rhamnaceae: The pollination of the Chilean native Colletia ulicina. Flora, 200(4), 339-344. doi: 10.1016/j.flora.2004.12.003",Chile,O'Higgins,NA,"Las Peñas, VI Region",-34.74,-70.77527778,NA,NA,"34°44'33'' S, 70°46'31'' W",720,720,720,NA,NA,Colletia ulicina,Magnoliopsida,Rhamnaceae,Colletia,ulicina,NA,species,NA,native,shrub,NA,NA,NA,Bombus dahlbomii,Insecta,Hymenoptera,NA,NA,Bombus,dahlbomii,species,NA,native,pollinated by,http://purl.obolibrary.org/obo/RO_0002456,NA,focal observations,NA,NA
98,Giselle Muschett,2000-04/2001-02,2005,"Medan & Montaldo. 2005. Ornithophily in the Rhamnaceae: The pollination of the Chilean native Colletia ulicina. Flora, 200(4), 339-344. doi: 10.1016/j.flora.2004.12.003",Chile,Maule,NA,"Altos de Lircay National Reserve, VII Region",-35.61,-71.0725,NA,NA,"35°36'21'' S, 71°04'21'' W",1215,1215,1215,NA,NA,Colletia ulicina,Magnoliopsida,Rhamnaceae,Colletia,ulicina,NA,species,NA,native,shrub,NA,NA,NA,Bombus dahlbomii,Insecta,Hymenoptera,NA,NA,Bombus,dahlbomii,species,NA,native,pollinated by,http://purl.obolibrary.org/obo/RO_0002456,NA,focal observations,NA,NA
100,Giselle Muschett,2000-12/2007-03,2007,"Medel et al . 2007. The influence of insects and hummingbirds on the geographical variation of the flower phenotype in Mimulus luteus. Ecography, 30(6), 812-818. doi: 10.1111/j.2007.0906-7590.05175.x",Chile,Metropolitana de Santiago,NA,Embalse El Yeso,-33.62,-70.01666667,NA,NA,"33°37' S, 70°01' W",2580,2580,2580,NA,NA,Mimulus luteus,Magnoliopsida,Phrymaceae,Mimulus,luteus,NA,species,NA,native,herb,self compatible,NA,NA,Bombus dahlbomii,Insecta,Hymenoptera,NA,NA,Bombus,dahlbomii,species,NA,native,pollinated by,http://purl.obolibrary.org/obo/RO_0002456,NA,focal observations,30,minute
100,Giselle Muschett,2000-12/2007-03,2007,"Medel et al . 2007. The influence of insects and hummingbirds on the geographical variation of the flower phenotype in Mimulus luteus. Ecography, 30(6), 812-818. doi: 10.1111/j.2007.0906-7590.05175.x",Chile,Bio Bio,NA,"Termas de Chillan, VIII Region",-36.9,-71.4,NA,NA,"36°54' S, 71°24' W",1834,1834,1834,NA,NA,Mimulus luteus,Magnoliopsida,Phrymaceae,Mimulus,luteus,NA,species,NA,native,herb,self compatible,NA,NA,Bombus dahlbomii,Insecta,Hymenoptera,NA,NA,Bombus,dahlbomii,species,NA,native,pollinated by,http://purl.obolibrary.org/obo/RO_0002456,NA,focal observations,30,minute
101,Giselle Muschett,2008-03,2008,"Molina-Montenegro et al. 2008. Positive interactions among plant species for pollinator service: assessing the ‘magnet species’ concept with invasive species. Oikos, 117(12), 1833-1839. doi: 10.1111/j.0030-1299.2008.16896.x",Chile,Bio Bio,NA,"Peninsula Hualpen, VIII Region",-36.77,-73.19,NA,NA,"36°45' S, 73°13' W ",NA,NA,NA,NA,NA,Carduus pycnocephalus,Magnoliopsida,Asteraceae,Carduus,pycnocephalus,NA,species,NA,introduced,herb,NA,NA,NA,Bombus dahlbomii,Insecta,Hymenoptera,NA,NA,Bombus,dahlbomii,species,NA,native,pollinated by,http://purl.obolibrary.org/obo/RO_0002456,NA,focal observations,15,minute
101,Giselle Muschett,2008-03,2008,"Molina-Montenegro et al. 2008. Positive interactions among plant species for pollinator service: assessing the ‘magnet species’ concept with invasive species. Oikos, 117(12), 1833-1839. doi: 10.1111/j.0030-1299.2008.16896.x",Chile,Bio Bio,NA,"Peninsula Hualpen, VIII Region",-36.77,-73.19,NA,NA,"36°45' S, 73°13' W ",NA,NA,NA,NA,NA,Lupinus arboreus,Magnoliopsida,Fabaceae,Lupinus,arboreus,NA,species,NA,introduced,herb,NA,NA,NA,Bombus dahlbomii,Insecta,Hymenoptera,NA,NA,Bombus,dahlbomii,species,NA,native,pollinated by,http://purl.obolibrary.org/obo/RO_0002456,NA,focal observations,15,minute
103,Giselle Muschett,2001-10/2002-05,2004,"Muñoz & Arroyo. 2004. Negative impacts of a vertebrate predator on insect pollinator visitation and seed output in Chuquiraga oppositifolia, a high Andean shrub. Oecologia, 138(1), 66-73. doi: 10.1007/s00442-003-1405-2",Chile,Metropolitana de Santiago,NA,Valle Nevado,-33.35,-70.26666667,NA,NA,33°21' S 70°16'' W,2600,2600,2600,NA,NA,Chuquiraga oppositifolia,Magnoliopsida,Asteraceae,Chuquiraga,oppositifolia,NA,species,NA,native,shrub,self incompatible,NA,NA,Bombus dahlbomii,Insecta,Hymenoptera,NA,NA,Bombus,dahlbomii,species,NA,native,pollinated by,http://purl.obolibrary.org/obo/RO_0002456,NA,focal observations,10,minute
105,Giselle Muschett,2001-10/2004-04,2005,"Muñoz et al. 2005. Bottom-up effects of nutrient availability on flower production, pollinator visitation, and seed output in a high-Andean shrub. Oecologia, 143(1), 126-135. doi: 10.1007/s00442-004-1780-3",Chile,Metropolitana de Santiago,NA,Valle Nevado,-33.35,-70.26666667,NA,NA,33°21' S 70°16' W,2600,2600,2600,NA,NA,Chuquiraga oppositifolia,Magnoliopsida,Asteraceae,Chuquiraga,oppositifolia,NA,species,NA,native,shrub,self incompatible,NA,NA,Bombus dahlbomii,Insecta,Hymenoptera,NA,NA,Bombus,dahlbomii,species,NA,native,pollinated by,http://purl.obolibrary.org/obo/RO_0002456,NA,focal observations,10,minute
106,Giselle Muschett,2007-10/2007-12,2010,"Murua et al . 2010. Does human-induced habitat transformation modify pollinator-mediated selection? A case study in Viola portalesia (Violaceae). Oecologia, 163(1), 153-162. doi: 10.1007/s00442-010-1587-3",Chile,Maule,NA,"Pine tree Plantation, VII Region",-35.83,-72.45,NA,NA,"35°50' S, 72°27' W",462,522,462-522,1,NA,Viola portalesia,Magnoliopsida,Violaceae,Viola,portalesia,NA,species,NA,native,herb,self incompatible,18,NA,Bombus dahlbomii,Insecta,Hymenoptera,NA,NA,Bombus,dahlbomii,species,NA,native,pollinated by,http://purl.obolibrary.org/obo/RO_0002456,NA,focal observations,15,minute
106,Giselle Muschett,2007-10/2007-12,2010,"Murua et al . 2010. Does human-induced habitat transformation modify pollinator-mediated selection? A case study in Viola portalesia (Violaceae). Oecologia, 163(1), 153-162. doi: 10.1007/s00442-010-1587-3",Chile,Maule,NA,"Pine tree Plantation, VII Region",-35.83,-72.45,NA,NA,"35°50' S, 72°27' W",462,522,462-540,NA,NA,Viola portalesia,Magnoliopsida,Violaceae,Viola,portalesia,NA,species,NA,native,herb,self incompatible,16,NA,Bombus dahlbomii,Insecta,Hymenoptera,NA,NA,Bombus,dahlbomii,species,NA,native,pollinated by,http://purl.obolibrary.org/obo/RO_0002456,NA,focal observations,15,minute
110,Giselle Muschett,2000-09/2002-11,2006,"Perez et al. 2006. Ancestral reconstruction of flower morphology  and pollination system in Schizanthus (Solanaceae). American Journal of Botany, 93(7), 1029-1038. doi: 10.3732/ajb.93.7.1029",Chile,Metropolitana de Santiago,NA,Valle Nevado,-33.35,-70.26666667,NA,NA,33°21' S 70°16' W,2450,2450,2450,NA,NA,Schizanthus hookeri,Magnoliopsida,Solanaceae,Schizanthus,hookeri,NA,species,NA,native,herb,NA,6,NA,Bombus dahlbomii,Insecta,Hymenoptera,NA,NA,Bombus,dahlbomii,species,NA,native,has flowers visited by,http://purl.obolibrary.org/obo/RO_0002623,NA,focal observations,30,minute
110,Giselle Muschett,2000-09/2002-11,2006,"Perez et al. 2006. Ancestral reconstruction of flower morphology  and pollination system in Schizanthus (Solanaceae). American Journal of Botany, 93(7), 1029-1038. doi: 10.3732/ajb.93.7.1029",Chile,Valparaiso,NA,"Portillo, V Region",-32.85,-70.01666667,NA,NA,32°51' S 70°01' W*,2850,2850,2850,NA,NA,Schizanthus hookeri,Magnoliopsida,Solanaceae,Schizanthus,hookeri,NA,species,NA,native,herb,NA,5,NA,Bombus dahlbomii,Insecta,Hymenoptera,NA,NA,Bombus,dahlbomii,species,NA,native,has flowers visited by,http://purl.obolibrary.org/obo/RO_0002623,NA,focal observations,30,minute
110,Giselle Muschett,2000-09/2002-11,2006,"Perez et al. 2006. Ancestral reconstruction of flower morphology  and pollination system in Schizanthus (Solanaceae). American Journal of Botany, 93(7), 1029-1038. doi: 10.3732/ajb.93.7.1029",Chile,Bio Bio,NA,"Termas de Chillan, VIII Region",-36.9,-71.4,NA,NA,"36°54' S, 71°24' W",NA,NA,NA,NA,NA,Schizanthus hookeri,Magnoliopsida,Solanaceae,Schizanthus,hookeri,NA,species,NA,native,herb,NA,NA,NA,Bombus dahlbomii,Insecta,Hymenoptera,NA,NA,Bombus,dahlbomii,species,NA,native,has flowers visited by,http://purl.obolibrary.org/obo/RO_0002623,NA,focal observations,30,minute
113,Giselle Muschett,2000-01/2000-05,2001,"Ruz & Herrera. 2001. Preliminary observations on foraging activities of Bombus dahlbomii and Bombus terrestris (hym: Apidae) on Native and Non-Native vegetation in Chile. Acta Horticulturae, 561, 165-169. doi: 10.17660/ActaHortic.2001.561.24",Chile,Bio Bio,NA,"Cobquecura , VIII Region",-36.12722222,-72.80388889,NA,NA,"36°07'38'' S, 72°48'14'' W",NA,NA,NA,NA,NA,Eryngium paniculatum,Magnoliopsida,Apiaceae,Eryngium,paniculatum,NA,species,NA,native,shrub,NA,2,NA,Bombus dahlbomii,Insecta,Hymenoptera,NA,NA,Bombus,dahlbomii,species,NA,native,pollinated by,http://purl.obolibrary.org/obo/RO_0002456,nectar,focal observations,5,minute
113,Giselle Muschett,2000-01/2000-05,2001,"Ruz & Herrera. 2001. Preliminary observations on foraging activities of Bombus dahlbomii and Bombus terrestris (hym: Apidae) on Native and Non-Native vegetation in Chile. Acta Horticulturae, 561, 165-169. doi: 10.17660/ActaHortic.2001.561.24",Chile,Bio Bio,NA,"Cobquecura , VIII Region",-36.12722222,-72.80388889,NA,NA,"36°07'38'' S, 72°48'14'' W",NA,NA,NA,NA,NA,Raphanus sativus,Magnoliopsida,Brassicaceae,Raphanus,sativus,NA,species,NA,cultivated,shrub,NA,NA,NA,Bombus dahlbomii,Insecta,Hymenoptera,NA,NA,Bombus,dahlbomii,species,NA,native,pollinated by,http://purl.obolibrary.org/obo/RO_0002456,nectar,focal observations,5,minute
113,Giselle Muschett,2000-01/2000-05,2001,"Ruz & Herrera. 2001. Preliminary observations on foraging activities of Bombus dahlbomii and Bombus terrestris (hym: Apidae) on Native and Non-Native vegetation in Chile. Acta Horticulturae, 561, 165-169. doi: 10.17660/ActaHortic.2001.561.24",Chile,Bio Bio,NA,"Cobquecura , VIII Region",-36.12722222,-72.80388889,NA,NA,"36°07'38'' S, 72°48'14'' W",NA,NA,NA,NA,NA,Cirsium vulgare,Magnoliopsida,Asteraceae,Cirsium,vulgare,NA,species,NA,introduced,herb,NA,NA,NA,Bombus dahlbomii,Insecta,Hymenoptera,NA,NA,Bombus,dahlbomii,species,NA,native,pollinated by,http://purl.obolibrary.org/obo/RO_0002456,nectar,focal observations,5,minute
113,Giselle Muschett,2000-01/2000-05,2001,"Ruz & Herrera. 2001. Preliminary observations on foraging activities of Bombus dahlbomii and Bombus terrestris (hym: Apidae) on Native and Non-Native vegetation in Chile. Acta Horticulturae, 561, 165-169. doi: 10.17660/ActaHortic.2001.561.24",Chile,Bio Bio,NA,"Cobquecura , VIII Region",-36.12722222,-72.80388889,NA,NA,"36°07'38'' S, 72°48'14'' W",NA,NA,NA,NA,NA,Mentha pulegium,Magnoliopsida,Lamiaceae,Mentha,pulegium,NA,species,NA,introduced,herb,NA,NA,NA,Bombus dahlbomii,Insecta,Hymenoptera,NA,NA,Bombus,dahlbomii,species,NA,native,pollinated by,http://purl.obolibrary.org/obo/RO_0002456,nectar,focal observations,5,minute
113,Giselle Muschett,2000-01/2000-05,2001,"Ruz & Herrera. 2001. Preliminary observations on foraging activities of Bombus dahlbomii and Bombus terrestris (hym: Apidae) on Native and Non-Native vegetation in Chile. Acta Horticulturae, 561, 165-169. doi: 10.17660/ActaHortic.2001.561.24",Chile,Bio Bio,NA,"Cobquecura , VIII Region",-36.12722222,-72.80388889,NA,NA,"36°07'38'' S, 72°48'14'' W",NA,NA,NA,NA,NA,Trifolium striatum,Magnoliopsida,Fabaceae,Trifolium,striatum,NA,species,NA,introduced,herb,NA,NA,NA,Bombus dahlbomii,Insecta,Hymenoptera,NA,NA,Bombus,dahlbomii,species,NA,native,pollinated by,http://purl.obolibrary.org/obo/RO_0002456,nectar,focal observations,5,minute
113,Giselle Muschett,2000-01/2000-05,2001,"Ruz & Herrera. 2001. Preliminary observations on foraging activities of Bombus dahlbomii and Bombus terrestris (hym: Apidae) on Native and Non-Native vegetation in Chile. Acta Horticulturae, 561, 165-169. doi: 10.17660/ActaHortic.2001.561.24",Chile,Valparaiso,NA,"Curauma, V Region",-33.06666667,-71.65,NA,NA,33°04' S 71°39' W,NA,NA,NA,NA,NA,Lavatera arborea,Magnoliopsida,Malvaceae,Lavatera,arborea,NA,species,NA,introduced,shrub,NA,NA,NA,Bombus dahlbomii,Insecta,Hymenoptera,NA,NA,Bombus,dahlbomii,species,NA,native,pollinated by,http://purl.obolibrary.org/obo/RO_0002456,nectar,focal observations,5,minute
114,Giselle Muschett,2004-12/2005-01,2009,"Suarez et al. 2009. Foliar damage modifies floral attractiveness to pollinators in Alstroemeria exerens. Evolutionary Ecology, 23(4), 545-555. doi: 10.1007/s10682-008-9254-4",Chile,Metropolitana de Santiago,NA,Farellones,-33.35833333,-70.30416667,NA,NA,"33°21'30'' S, 70°18'15'' W",2382,2382,2382,1,NA,Alstroemeria exerens,Magnoliopsida,Alstroemeriaceae,Alstroemeria,exerens,NA,species,"Alstroemeria accepted, exerens not",native,herb,self compatible,4,NA,Bombus dahlbomii,Insecta,Hymenoptera,NA,NA,Bombus,dahlbomii,species,NA,native,has flowers visited by,http://purl.obolibrary.org/obo/RO_0002623,NA,focal observations,30,minute
118,Giselle Muschett,2009-01/2009-04,2006,"Valdivia et al. 2006. Depressed pollination of Lapageria rosea Ruiz et Pav. (Philesiaceae) in the fragmented temperate rainforest of southern South America. Biodiversity and Conservation, 15(5), 1845-1856",Chile,Maule,NA,"Los Queules National Reserve, VII Region",-35.98333333,-72.68333333,NA,NA,"35°59' S, 72°41' W",NA,NA,NA,NA,NA,Lapageria rosea,Magnoliopsida,Philesiaceae,Lapageria,rosea,NA,species,NA,native,vine,self compatible,NA,NA,Bombus dahlbomii,Insecta,Hymenoptera,NA,NA,Bombus,dahlbomii,species,NA,native,has flowers visited by,http://purl.obolibrary.org/obo/RO_0002623,NA,focal observations,15,minute
119,Giselle Muschett,2006-01,2011,"Valdivia et al. 2011. Negative effects of forest fragmentation and proximity to edges on pollination and herbivory of Bomarea salsilla (Alstroemeriaceae). Plant Ecology and Evolution, 144(3), 281-287. doi: 10.5091/plecevo.2011.487",Chile,Maule,NA,"Los Queules National Reserve, VII Region",-35.98333333,-72.68333333,NA,NA,"35°59' S, 72°41' W",NA,NA,NA,NA,NA,Bomarea salsilla,Magnoliopsida,Alstroemeriaceae,Bomarea,salsilla,NA,species,NA,native,vine,self compatible,NA,NA,Bombus dahlbomii,Insecta,Hymenoptera,NA,NA,Bombus,dahlbomii,species,NA,native,has flowers visited by,http://purl.obolibrary.org/obo/RO_0002623,NA,focal observations,10,minute
